shipment_id,ship_date,mode,region,carrier,distance_km,weight_kg,volume_units,delivery_hours,transport_cost,cost_per_kg,sla_hours,on_time,month,month_name
SH1000,2025-04-13,Road,West,BlueFleet,489.0,638.0,24.0,29.8,648.85,1.017,40,1,4,Apr
SH1001,2025-12-15,Sea,Central,SwiftLine,9000.0,237.0,14.0,438.2,1695.35,7.153,280,0,12,Dec
SH1002,2025-09-28,Road,Central,FastTrack,266.0,1585.0,58.0,23.8,654.77,0.413,40,1,9,Sep
SH1003,2025-04-17,Road,South,SwiftLine,839.0,783.0,35.0,28.9,1184.24,1.512,40,1,4,Apr
SH1004,2025-03-13,Road,Central,FastTrack,198.0,806.0,35.0,13.1,240.2,0.298,40,1,3,Mar
SH1005,2025-07-08,Road,Central,FastTrack,666.0,433.0,20.0,24.4,605.73,1.399,40,1,7,Jul
SH1006,2025-01-21,Road,East,BlueFleet,153.0,336.0,15.0,10.9,150.02,0.446,40,1,1,Jan
SH1007,2025-04-13,Road,East,SwiftLine,656.0,404.0,19.0,24.4,744.2,1.842,40,1,4,Apr
SH1008,2025-05-02,Rail,South,FastTrack,1557.0,438.0,20.0,50.3,952.39,2.174,70,1,5,May
SH1009,2025-08-03,Road,North,CargoPrime,662.0,374.0,13.0,38.5,557.16,1.49,40,1,8,Aug
SH1010,2025-11-27,Road,South,SwiftLine,358.0,541.0,22.0,47.3,477.92,0.883,40,0,11,Nov
SH1011,2025-03-29,Road,South,SwiftLine,354.0,172.0,4.0,15.7,219.75,1.278,40,1,3,Mar
SH1012,2025-04-10,Road,West,SwiftLine,1083.0,500.0,19.0,30.5,1092.52,2.185,40,1,4,Apr
SH1013,2025-12-26,Road,West,BlueFleet,194.0,369.0,14.0,30.9,197.5,0.535,40,1,12,Dec
SH1014,2025-06-01,Air,South,CargoPrime,2679.0,228.0,11.0,16.9,3254.32,14.273,30,1,6,Jun
SH1015,2025-05-11,Road,South,SwiftLine,538.0,674.0,29.0,25.2,691.06,1.025,40,1,5,May
SH1016,2025-05-30,Road,South,FastTrack,596.0,1696.0,75.0,23.5,1474.89,0.87,40,1,5,May
SH1017,2025-11-05,Road,Central,FastTrack,942.0,1122.0,45.0,28.9,1718.57,1.532,40,1,11,Nov
SH1018,2025-09-15,Sea,West,BlueFleet,4098.0,322.0,9.0,182.1,1026.16,3.187,280,1,9,Sep
SH1019,2025-12-10,Air,South,FastTrack,1906.0,686.0,31.0,21.2,4981.6,7.262,30,1,12,Dec
SH1020,2025-10-21,Rail,East,SwiftLine,1355.0,792.0,33.0,64.5,1179.77,1.49,70,1,10,Oct
SH1021,2025-07-11,Road,East,FastTrack,263.0,444.0,17.0,11.3,285.05,0.642,40,1,7,Jul
SH1022,2025-10-04,Sea,Central,SwiftLine,2934.0,396.0,14.0,178.8,902.58,2.279,280,1,10,Oct
SH1023,2025-06-10,Road,Central,FastTrack,798.0,531.0,19.0,32.5,855.85,1.612,40,1,6,Jun
SH1024,2025-11-10,Road,North,CargoPrime,275.0,3011.0,118.0,26.5,966.93,0.321,40,1,11,Nov
SH1025,2025-01-22,Road,North,BlueFleet,614.0,496.0,15.0,18.8,687.99,1.387,40,1,1,Jan
SH1026,2025-09-10,Road,North,BlueFleet,356.0,146.0,10.0,19.3,166.03,1.137,40,1,9,Sep
SH1027,2025-08-24,Sea,Central,CargoPrime,6919.0,175.0,9.0,313.6,1106.23,6.321,280,0,8,Aug
SH1028,2025-12-11,Air,Central,CargoPrime,1749.0,352.0,14.0,24.5,2880.1,8.182,30,1,12,Dec
SH1029,2025-02-18,Road,Central,BlueFleet,195.0,149.0,3.0,10.4,111.66,0.749,40,1,2,Feb
SH1030,2025-02-28,Rail,East,CargoPrime,1263.0,363.0,19.0,52.3,663.58,1.828,70,1,2,Feb
SH1031,2025-06-19,Sea,Central,SwiftLine,2706.0,2393.0,90.0,137.7,2629.41,1.099,280,1,6,Jun
SH1032,2025-07-07,Sea,East,FastTrack,3293.0,268.0,10.0,151.2,724.79,2.704,280,1,7,Jul
SH1033,2025-09-28,Rail,North,BlueFleet,350.0,169.0,11.0,26.8,125.32,0.742,70,1,9,Sep
SH1034,2025-07-09,Sea,North,CargoPrime,2976.0,342.0,6.0,155.9,731.89,2.14,280,1,7,Jul
SH1035,2025-06-24,Sea,North,SwiftLine,6469.0,371.0,16.0,261.5,1711.44,4.613,280,1,6,Jun
SH1036,2025-02-20,Air,South,BlueFleet,1899.0,183.0,5.0,17.6,1945.86,10.633,30,1,2,Feb
SH1037,2025-12-30,Road,South,CargoPrime,405.0,150.0,6.0,24.0,201.93,1.346,40,1,12,Dec
SH1038,2025-02-24,Road,West,BlueFleet,1048.0,1194.0,46.0,29.5,2046.9,1.714,40,1,2,Feb
SH1039,2025-09-01,Sea,West,CargoPrime,3625.0,602.0,26.0,196.6,1349.72,2.242,280,1,9,Sep
SH1040,2025-11-16,Road,West,BlueFleet,359.0,274.0,16.0,19.6,202.38,0.739,40,1,11,Nov
SH1041,2025-05-11,Sea,South,SwiftLine,3636.0,160.0,16.0,158.8,455.17,2.845,280,1,5,May
SH1042,2025-11-03,Road,South,SwiftLine,657.0,267.0,10.0,24.5,436.32,1.634,40,1,11,Nov
SH1043,2025-05-15,Road,West,FastTrack,451.0,151.0,9.0,15.1,214.7,1.422,40,1,5,May
SH1044,2025-01-21,Road,West,BlueFleet,311.0,254.0,12.0,16.3,229.47,0.903,40,1,1,Jan
SH1045,2025-11-25,Road,Central,FastTrack,728.0,2108.0,86.0,38.3,2142.52,1.016,40,1,11,Nov
SH1046,2025-06-16,Sea,West,BlueFleet,2251.0,488.0,25.0,126.3,710.13,1.455,280,1,6,Jun
SH1047,2025-10-01,Sea,Central,CargoPrime,7708.0,246.0,7.0,399.3,1472.44,5.986,280,0,10,Oct
SH1048,2025-03-30,Air,East,CargoPrime,2962.0,695.0,26.0,19.2,7828.28,11.264,30,1,3,Mar
SH1049,2025-11-12,Rail,South,FastTrack,759.0,192.0,7.0,50.2,337.06,1.756,70,1,11,Nov
SH1050,2025-01-14,Road,West,BlueFleet,362.0,292.0,8.0,16.6,327.15,1.12,40,1,1,Jan
SH1051,2025-08-30,Road,South,FastTrack,1303.0,92.0,4.0,35.2,436.3,4.742,40,1,8,Aug
SH1052,2025-09-22,Rail,South,SwiftLine,2020.0,1118.0,47.0,65.3,2264.03,2.025,70,1,9,Sep
SH1053,2025-12-12,Road,South,FastTrack,540.0,343.0,17.0,28.3,432.76,1.262,40,1,12,Dec
SH1054,2025-02-22,Road,East,FastTrack,355.0,210.0,8.0,14.7,272.1,1.296,40,1,2,Feb
SH1055,2025-12-06,Road,North,CargoPrime,406.0,678.0,32.0,23.5,537.07,0.792,40,1,12,Dec
SH1056,2025-04-02,Road,West,FastTrack,280.0,174.0,1.0,21.1,125.5,0.721,40,1,4,Apr
SH1057,2025-09-21,Sea,North,BlueFleet,4756.0,183.0,17.0,197.7,823.37,4.499,280,1,9,Sep
SH1058,2025-02-04,Sea,North,CargoPrime,4687.0,298.0,14.0,218.8,990.07,3.322,280,1,2,Feb
SH1059,2025-07-25,Road,North,FastTrack,411.0,155.0,4.0,14.6,150.31,0.97,40,1,7,Jul
SH1060,2025-03-22,Rail,South,SwiftLine,997.0,239.0,11.0,42.6,350.18,1.465,70,1,3,Mar
SH1061,2025-02-19,Air,Central,FastTrack,2903.0,344.0,13.0,19.6,4741.91,13.785,30,1,2,Feb
SH1062,2025-12-26,Road,South,FastTrack,448.0,370.0,6.0,18.8,359.35,0.971,40,1,12,Dec
SH1063,2025-01-02,Sea,South,FastTrack,4657.0,140.0,6.0,191.6,554.41,3.96,280,1,1,Jan
SH1064,2025-02-23,Sea,North,CargoPrime,6962.0,332.0,17.0,305.6,1683.3,5.07,280,0,2,Feb
SH1065,2025-04-16,Road,South,BlueFleet,822.0,642.0,30.0,42.8,1011.42,1.575,40,0,4,Apr
SH1066,2025-09-17,Road,North,SwiftLine,576.0,404.0,30.0,25.4,790.19,1.956,40,1,9,Sep
SH1067,2025-11-06,Road,Central,FastTrack,705.0,271.0,15.0,30.9,488.26,1.802,40,1,11,Nov
SH1068,2025-07-10,Road,West,BlueFleet,149.0,347.0,16.0,14.7,160.11,0.461,40,1,7,Jul
SH1069,2025-08-06,Road,North,BlueFleet,623.0,331.0,14.0,21.3,478.62,1.446,40,1,8,Aug
SH1070,2025-02-13,Sea,Central,CargoPrime,3658.0,133.0,3.0,178.3,450.56,3.388,280,1,2,Feb
SH1071,2025-06-11,Road,West,SwiftLine,612.0,262.0,9.0,21.5,411.47,1.57,40,1,6,Jun
SH1072,2025-07-21,Road,East,CargoPrime,284.0,763.0,29.0,16.6,411.39,0.539,40,1,7,Jul
SH1073,2025-09-27,Sea,North,BlueFleet,6958.0,773.0,32.0,271.5,3065.72,3.966,280,1,9,Sep
SH1074,2025-12-17,Air,North,BlueFleet,2666.0,561.0,26.0,20.4,6012.73,10.718,30,1,12,Dec
SH1075,2025-10-31,Road,East,BlueFleet,394.0,48.0,1.0,19.6,60.79,1.266,40,1,10,Oct
SH1076,2025-09-28,Road,East,CargoPrime,638.0,216.0,3.0,21.3,405.32,1.876,40,1,9,Sep
SH1077,2025-08-03,Road,North,SwiftLine,242.0,586.0,29.0,12.4,281.39,0.48,40,1,8,Aug
SH1078,2025-09-09,Rail,East,FastTrack,961.0,1587.0,60.0,45.1,1436.66,0.905,70,1,9,Sep
SH1079,2025-07-09,Road,South,CargoPrime,471.0,399.0,18.0,27.4,443.26,1.111,40,1,7,Jul
SH1080,2025-10-23,Road,West,BlueFleet,206.0,436.0,18.0,25.3,175.81,0.403,40,1,10,Oct
SH1081,2025-08-01,Sea,West,CargoPrime,3726.0,369.0,13.0,180.3,1044.76,2.831,280,1,8,Aug
SH1082,2025-07-27,Road,West,BlueFleet,303.0,142.0,8.0,12.4,97.32,0.685,40,1,7,Jul
SH1083,2025-08-25,Sea,South,FastTrack,4321.0,535.0,17.0,186.9,1416.02,2.647,280,1,8,Aug
SH1084,2025-12-04,Sea,East,FastTrack,5599.0,119.0,11.0,305.5,684.74,5.754,280,0,12,Dec
SH1085,2025-02-22,Road,Central,SwiftLine,408.0,377.0,26.0,22.3,320.93,0.851,40,1,2,Feb
SH1086,2025-10-07,Sea,East,BlueFleet,3084.0,433.0,22.0,177.2,910.53,2.103,280,1,10,Oct
SH1087,2025-08-05,Road,North,SwiftLine,365.0,420.0,14.0,17.1,297.03,0.707,40,1,8,Aug
SH1088,2025-09-09,Sea,West,SwiftLine,7345.0,143.0,1.0,282.1,1001.2,7.001,280,0,9,Sep
SH1089,2025-07-07,Rail,East,FastTrack,764.0,229.0,11.0,33.1,303.77,1.327,70,1,7,Jul
SH1090,2025-02-10,Rail,Central,CargoPrime,989.0,700.0,23.0,46.5,830.1,1.186,70,1,2,Feb
SH1091,2025-06-06,Road,North,CargoPrime,577.0,428.0,15.0,28.6,498.96,1.166,40,1,6,Jun
SH1092,2025-01-15,Sea,South,SwiftLine,7515.0,230.0,15.0,302.9,1374.25,5.975,280,0,1,Jan
SH1093,2025-10-28,Air,South,FastTrack,2855.0,171.0,13.0,21.5,2850.77,16.671,30,1,10,Oct
SH1094,2025-03-06,Road,Central,BlueFleet,281.0,767.0,38.0,15.4,383.72,0.5,40,1,3,Mar
SH1095,2025-12-11,Sea,North,CargoPrime,1917.0,415.0,17.0,147.1,528.5,1.273,280,1,12,Dec
SH1096,2025-11-23,Road,West,SwiftLine,620.0,163.0,10.0,34.4,292.96,1.797,40,1,11,Nov
SH1097,2025-01-09,Road,East,CargoPrime,1491.0,347.0,6.0,41.0,1207.99,3.481,40,0,1,Jan
SH1098,2025-12-10,Road,North,CargoPrime,659.0,212.0,2.0,35.1,395.25,1.864,40,1,12,Dec
SH1099,2025-05-09,Road,South,BlueFleet,681.0,513.0,19.0,23.1,749.01,1.46,40,1,5,May
SH1100,2025-05-16,Road,Central,FastTrack,639.0,1100.0,47.0,19.1,1206.91,1.097,40,1,5,May
SH1101,2025-03-04,Sea,Central,BlueFleet,5596.0,170.0,5.0,226.6,850.48,5.003,280,1,3,Mar
SH1102,2025-05-19,Road,East,FastTrack,470.0,457.0,21.0,15.9,504.17,1.103,40,1,5,May
SH1103,2025-03-22,Rail,Central,CargoPrime,1187.0,451.0,13.0,48.7,733.56,1.627,70,1,3,Mar
SH1104,2025-06-12,Road,Central,SwiftLine,508.0,73.0,3.0,16.6,173.91,2.382,40,1,6,Jun
SH1105,2025-10-16,Sea,North,BlueFleet,4312.0,785.0,34.0,214.7,1891.28,2.409,280,1,10,Oct
SH1106,2025-09-18,Sea,West,FastTrack,5727.0,2163.0,90.0,232.0,5222.04,2.414,280,1,9,Sep
SH1107,2025-08-19,Road,East,CargoPrime,691.0,451.0,16.0,24.9,752.21,1.668,40,1,8,Aug
SH1108,2025-02-10,Sea,North,FastTrack,7101.0,1197.0,48.0,274.0,4227.69,3.532,280,1,2,Feb
SH1109,2025-01-28,Road,West,FastTrack,368.0,148.0,1.0,13.1,236.79,1.6,40,1,1,Jan
SH1110,2025-05-15,Air,North,FastTrack,4339.0,227.0,9.0,17.7,5323.26,23.45,30,1,5,May
SH1111,2025-07-20,Road,North,CargoPrime,546.0,427.0,21.0,29.3,543.67,1.273,40,1,7,Jul
SH1112,2025-11-24,Sea,Central,SwiftLine,5323.0,204.0,7.0,246.9,876.41,4.296,280,1,11,Nov
SH1113,2025-09-25,Road,West,SwiftLine,450.0,404.0,14.0,14.3,407.61,1.009,40,1,9,Sep
SH1114,2025-02-02,Rail,East,SwiftLine,1215.0,900.0,39.0,48.8,1210.57,1.345,70,1,2,Feb
SH1115,2025-02-17,Air,East,FastTrack,1816.0,199.0,17.0,13.2,1952.1,9.81,30,1,2,Feb
SH1116,2025-03-03,Road,West,CargoPrime,720.0,933.0,46.0,24.0,1199.38,1.286,40,1,3,Mar
SH1117,2025-08-04,Road,Central,FastTrack,377.0,87.0,5.0,14.1,120.95,1.39,40,1,8,Aug
SH1118,2025-10-20,Road,South,SwiftLine,351.0,256.0,13.0,15.6,208.38,0.814,40,1,10,Oct
SH1119,2025-04-09,Road,North,SwiftLine,667.0,345.0,20.0,21.5,496.48,1.439,40,1,4,Apr
SH1120,2025-06-21,Rail,Central,CargoPrime,1378.0,192.0,9.0,53.2,511.76,2.665,70,1,6,Jun
SH1121,2025-12-26,Road,West,FastTrack,478.0,259.0,12.0,24.2,348.42,1.345,40,1,12,Dec
SH1122,2025-08-02,Road,North,BlueFleet,313.0,1233.0,48.0,14.6,612.87,0.497,40,1,8,Aug
SH1123,2025-02-04,Road,East,BlueFleet,211.0,1088.0,53.0,18.9,383.97,0.353,40,1,2,Feb
SH1124,2025-08-15,Air,South,SwiftLine,2393.0,718.0,32.0,18.3,6476.53,9.02,30,1,8,Aug
SH1125,2025-04-11,Road,East,CargoPrime,649.0,928.0,36.0,35.2,980.45,1.057,40,1,4,Apr
SH1126,2025-05-11,Road,West,FastTrack,801.0,246.0,8.0,25.1,564.5,2.295,40,1,5,May
SH1127,2025-09-14,Road,North,FastTrack,252.0,152.0,1.0,26.5,123.96,0.816,40,1,9,Sep
SH1128,2025-01-05,Road,West,SwiftLine,684.0,211.0,2.0,20.5,431.59,2.045,40,1,1,Jan
SH1129,2025-08-06,Sea,North,SwiftLine,2075.0,238.0,7.0,107.6,385.79,1.621,280,1,8,Aug
SH1130,2025-09-12,Road,Central,FastTrack,254.0,248.0,14.0,16.3,167.27,0.674,40,1,9,Sep
SH1131,2025-12-25,Road,South,FastTrack,218.0,616.0,26.0,16.6,278.24,0.452,40,1,12,Dec
SH1132,2025-10-10,Air,Central,SwiftLine,1774.0,522.0,16.0,30.8,3888.52,7.449,30,0,10,Oct
SH1133,2025-07-26,Air,Central,FastTrack,4318.0,351.0,10.0,20.8,7164.69,20.412,30,1,7,Jul
SH1134,2025-01-15,Road,West,BlueFleet,180.0,368.0,16.0,15.7,138.87,0.377,40,1,1,Jan
SH1135,2025-12-12,Air,South,SwiftLine,770.0,969.0,45.0,23.1,2560.92,2.643,30,1,12,Dec
SH1136,2025-02-11,Sea,North,FastTrack,5507.0,144.0,1.0,226.1,744.37,5.169,280,1,2,Feb
SH1137,2025-06-28,Road,North,SwiftLine,440.0,759.0,32.0,21.8,596.19,0.785,40,1,6,Jun
SH1138,2025-03-04,Air,East,CargoPrime,3508.0,75.0,1.0,17.5,2062.15,27.495,30,1,3,Mar
SH1139,2025-12-18,Air,North,SwiftLine,2672.0,257.0,9.0,27.4,3461.48,13.469,30,1,12,Dec
SH1140,2025-08-19,Road,West,SwiftLine,912.0,1351.0,49.0,31.5,2031.67,1.504,40,1,8,Aug
SH1141,2025-08-29,Road,Central,CargoPrime,388.0,513.0,23.0,21.2,441.18,0.86,40,1,8,Aug
SH1142,2025-02-21,Road,Central,BlueFleet,195.0,278.0,9.0,20.2,132.74,0.477,40,1,2,Feb
SH1143,2025-04-06,Sea,Central,FastTrack,5023.0,839.0,32.0,210.9,2328.67,2.776,280,1,4,Apr
SH1144,2025-08-10,Sea,South,CargoPrime,5392.0,649.0,30.0,249.1,2116.92,3.262,280,1,8,Aug
SH1145,2025-08-19,Rail,North,SwiftLine,1497.0,629.0,29.0,53.7,1107.76,1.761,70,1,8,Aug
SH1146,2025-08-25,Road,West,FastTrack,611.0,343.0,11.0,21.4,549.01,1.601,40,1,8,Aug
SH1147,2025-05-23,Rail,South,CargoPrime,566.0,870.0,36.0,42.3,561.53,0.645,70,1,5,May
SH1148,2025-06-20,Rail,East,FastTrack,1340.0,241.0,13.0,45.7,583.77,2.422,70,1,6,Jun
SH1149,2025-01-29,Road,West,FastTrack,650.0,232.0,9.0,22.5,387.92,1.672,40,1,1,Jan
SH1150,2025-02-05,Road,West,CargoPrime,552.0,1807.0,75.0,24.8,1433.27,0.793,40,1,2,Feb
SH1151,2025-01-13,Sea,West,FastTrack,4902.0,270.0,10.0,205.4,1038.53,3.846,280,1,1,Jan
SH1152,2025-06-09,Road,Central,BlueFleet,443.0,79.0,2.0,16.7,113.15,1.432,40,1,6,Jun
SH1153,2025-11-23,Air,West,CargoPrime,1030.0,944.0,34.0,17.8,3340.64,3.539,30,1,11,Nov
SH1154,2025-07-06,Road,North,BlueFleet,89.0,1199.0,55.0,8.8,201.5,0.168,40,1,7,Jul
SH1155,2025-08-31,Road,West,SwiftLine,283.0,334.0,11.0,11.7,238.14,0.713,40,1,8,Aug
SH1156,2025-03-27,Road,Central,FastTrack,1121.0,76.0,1.0,29.6,313.59,4.126,40,1,3,Mar
SH1157,2025-10-11,Road,West,SwiftLine,576.0,386.0,11.0,25.3,525.75,1.362,40,1,10,Oct
SH1158,2025-03-07,Sea,East,SwiftLine,6129.0,2117.0,85.0,243.1,5492.99,2.595,280,1,3,Mar
SH1159,2025-06-19,Road,East,FastTrack,1033.0,474.0,15.0,30.7,1047.61,2.21,40,1,6,Jun
SH1160,2025-02-14,Sea,Central,CargoPrime,5072.0,747.0,27.0,238.9,2233.45,2.99,280,1,2,Feb
SH1161,2025-03-03,Road,North,FastTrack,575.0,782.0,34.0,23.7,867.34,1.109,40,1,3,Mar
SH1162,2025-05-14,Sea,North,SwiftLine,8718.0,877.0,37.0,335.6,4290.08,4.892,280,0,5,May
SH1163,2025-10-11,Road,South,SwiftLine,555.0,1790.0,66.0,25.0,1381.52,0.772,40,1,10,Oct
SH1164,2025-01-28,Sea,Central,CargoPrime,6130.0,957.0,41.0,271.0,3122.42,3.263,280,1,1,Jan
SH1165,2025-04-18,Air,West,FastTrack,2442.0,378.0,15.0,12.6,4178.86,11.055,30,1,4,Apr
SH1166,2025-02-13,Road,Central,SwiftLine,619.0,165.0,11.0,31.4,273.8,1.659,40,1,2,Feb
SH1167,2025-12-06,Road,South,BlueFleet,266.0,569.0,28.0,15.7,292.97,0.515,40,1,12,Dec
SH1168,2025-10-13,Sea,Central,SwiftLine,4758.0,346.0,7.0,232.7,1221.11,3.529,280,1,10,Oct
SH1169,2025-11-27,Sea,Central,SwiftLine,3977.0,716.0,32.0,214.5,1720.41,2.403,280,1,11,Nov
SH1170,2025-05-08,Road,South,CargoPrime,91.0,202.0,15.0,12.9,50.0,0.248,40,1,5,May
SH1171,2025-12-14,Air,North,BlueFleet,3125.0,317.0,14.0,20.8,4802.89,15.151,30,1,12,Dec
SH1172,2025-08-19,Sea,West,SwiftLine,1979.0,407.0,19.0,110.5,612.01,1.504,280,1,8,Aug
SH1173,2025-07-09,Sea,South,SwiftLine,2582.0,190.0,8.0,123.3,411.13,2.164,280,1,7,Jul
SH1174,2025-08-13,Sea,East,BlueFleet,3000.0,417.0,21.0,155.3,853.58,2.047,280,1,8,Aug
SH1175,2025-10-10,Air,North,FastTrack,2539.0,757.0,32.0,17.8,7145.31,9.439,30,1,10,Oct
SH1176,2025-05-01,Road,East,FastTrack,493.0,1860.0,66.0,22.1,1234.06,0.663,40,1,5,May
SH1177,2025-04-26,Road,North,SwiftLine,371.0,224.0,8.0,15.3,242.96,1.085,40,1,4,Apr
SH1178,2025-08-21,Road,West,SwiftLine,738.0,833.0,33.0,23.8,1061.77,1.275,40,1,8,Aug
SH1179,2025-09-16,Air,West,FastTrack,4587.0,83.0,6.0,17.7,2777.67,33.466,30,1,9,Sep
SH1180,2025-12-25,Air,Central,CargoPrime,2304.0,401.0,21.0,20.0,4137.22,10.317,30,1,12,Dec
SH1181,2025-07-17,Road,East,BlueFleet,253.0,427.0,16.0,21.4,217.94,0.51,40,1,7,Jul
SH1182,2025-05-17,Sea,North,BlueFleet,4637.0,774.0,26.0,199.6,2021.82,2.612,280,1,5,May
SH1183,2025-11-14,Air,West,CargoPrime,2162.0,266.0,12.0,17.4,2946.49,11.077,30,1,11,Nov
SH1184,2025-06-14,Rail,South,CargoPrime,559.0,491.0,17.0,33.4,376.27,0.766,70,1,6,Jun
SH1185,2025-08-13,Road,West,CargoPrime,440.0,979.0,37.0,22.6,722.76,0.738,40,1,8,Aug
SH1186,2025-11-03,Road,South,CargoPrime,401.0,164.0,16.0,23.8,265.25,1.617,40,1,11,Nov
SH1187,2025-08-22,Road,North,CargoPrime,408.0,84.0,1.0,19.4,124.53,1.482,40,1,8,Aug
SH1188,2025-06-21,Road,West,CargoPrime,365.0,957.0,32.0,21.5,604.41,0.632,40,1,6,Jun
SH1189,2025-06-01,Road,West,BlueFleet,1059.0,182.0,10.0,30.2,551.59,3.031,40,1,6,Jun
SH1190,2025-11-11,Road,North,CargoPrime,411.0,581.0,26.0,24.6,453.15,0.78,40,1,11,Nov
SH1191,2025-06-09,Road,West,FastTrack,347.0,404.0,80.0,14.4,896.6,2.219,40,1,6,Jun
SH1192,2025-04-06,Road,South,CargoPrime,555.0,788.0,35.0,22.6,787.96,1.0,40,1,4,Apr
SH1193,2025-08-21,Road,West,CargoPrime,316.0,185.0,8.0,18.9,191.13,1.033,40,1,8,Aug
SH1194,2025-06-29,Air,East,BlueFleet,2858.0,125.0,6.0,17.8,2204.87,17.639,30,1,6,Jun
SH1195,2025-04-23,Road,Central,BlueFleet,567.0,216.0,12.0,25.8,271.53,1.257,40,1,4,Apr
SH1196,2025-11-14,Sea,South,CargoPrime,5511.0,463.0,25.0,289.2,1685.14,3.64,280,0,11,Nov
SH1197,2025-02-21,Sea,East,BlueFleet,2796.0,330.0,8.0,139.0,612.48,1.856,280,1,2,Feb
SH1198,2025-09-25,Road,North,SwiftLine,728.0,1199.0,46.0,26.4,1356.21,1.131,40,1,9,Sep
SH1199,2025-10-22,Road,South,BlueFleet,363.0,688.0,30.0,17.6,509.93,0.741,40,1,10,Oct
SH1200,2025-04-23,Road,Central,BlueFleet,928.0,225.0,10.0,26.7,540.78,2.403,40,1,4,Apr
SH1201,2025-04-11,Rail,Central,BlueFleet,1142.0,794.0,25.0,54.7,981.15,1.236,70,1,4,Apr
SH1202,2025-04-23,Rail,North,BlueFleet,1737.0,1346.0,52.0,60.7,2239.44,1.664,70,1,4,Apr
SH1203,2025-03-22,Road,North,FastTrack,1121.0,314.0,14.0,32.0,856.24,2.727,40,1,3,Mar
SH1204,2025-07-06,Rail,South,FastTrack,377.0,592.0,24.0,29.4,319.41,0.54,70,1,7,Jul
SH1205,2025-04-23,Road,West,FastTrack,354.0,200.0,7.0,13.7,124.94,0.625,40,1,4,Apr
SH1206,2025-01-02,Road,North,CargoPrime,1312.0,360.0,24.0,35.3,1059.79,2.944,40,1,1,Jan
SH1207,2025-05-10,Rail,West,CargoPrime,483.0,198.0,8.0,29.3,138.5,0.699,70,1,5,May
SH1208,2025-08-08,Road,East,SwiftLine,253.0,1087.0,44.0,17.3,474.08,0.436,40,1,8,Aug
SH1209,2025-02-23,Rail,Central,FastTrack,1606.0,270.0,11.0,65.0,786.52,2.913,70,1,2,Feb
SH1210,2025-12-09,Road,West,CargoPrime,692.0,574.0,24.0,34.4,825.4,1.438,40,1,12,Dec
SH1211,2025-08-12,Sea,Central,BlueFleet,3905.0,671.0,27.0,170.4,1559.88,2.325,280,1,8,Aug
SH1212,2025-08-13,Road,West,BlueFleet,713.0,4853.0,186.0,24.6,3633.58,0.749,40,1,8,Aug
SH1213,2025-05-06,Road,East,FastTrack,311.0,326.0,9.0,13.1,189.02,0.58,40,1,5,May
SH1214,2025-05-10,Rail,North,SwiftLine,804.0,217.0,7.0,39.2,324.33,1.495,70,1,5,May
SH1215,2025-02-22,Road,East,SwiftLine,237.0,381.0,18.0,11.8,174.37,0.458,40,1,2,Feb
SH1216,2025-06-21,Sea,North,BlueFleet,6975.0,204.0,7.0,269.6,1204.83,5.906,280,1,6,Jun
SH1217,2025-08-06,Air,North,SwiftLine,2068.0,273.0,8.0,13.2,2915.31,10.679,30,1,8,Aug
SH1218,2025-06-09,Rail,Central,FastTrack,203.0,722.0,33.0,24.3,100.22,0.139,70,1,6,Jun
SH1219,2025-07-17,Air,East,BlueFleet,1004.0,236.0,15.0,15.5,1259.93,5.339,30,1,7,Jul
SH1220,2025-09-04,Sea,West,CargoPrime,3104.0,632.0,19.0,164.5,1160.98,1.837,280,1,9,Sep
SH1221,2025-11-20,Sea,East,CargoPrime,4721.0,650.0,26.0,288.3,1922.35,2.957,280,0,11,Nov
SH1222,2025-07-22,Air,Central,SwiftLine,2645.0,493.0,9.0,19.3,5473.69,11.103,30,1,7,Jul
SH1223,2025-07-03,Air,North,BlueFleet,2362.0,689.0,26.0,30.0,6247.81,9.068,30,1,7,Jul
SH1224,2025-05-03,Road,Central,BlueFleet,845.0,319.0,20.0,25.6,576.77,1.808,40,1,5,May
SH1225,2025-09-12,Road,South,CargoPrime,388.0,81.0,4.0,20.0,176.31,2.177,40,1,9,Sep
SH1226,2025-10-21,Rail,South,BlueFleet,1818.0,423.0,11.0,65.7,1076.6,2.545,70,1,10,Oct
SH1227,2025-10-07,Road,West,BlueFleet,576.0,430.0,12.0,34.6,523.07,1.216,40,1,10,Oct
SH1228,2025-11-21,Road,Central,BlueFleet,632.0,404.0,8.0,30.8,480.77,1.19,40,1,11,Nov
SH1229,2025-04-08,Road,West,SwiftLine,348.0,677.0,24.0,18.0,490.97,0.725,40,1,4,Apr
SH1230,2025-07-17,Road,West,BlueFleet,293.0,744.0,22.0,17.4,413.28,0.555,40,1,7,Jul
SH1231,2025-08-28,Air,South,FastTrack,3094.0,480.0,21.0,21.2,6311.78,13.15,30,1,8,Aug
SH1232,2025-05-24,Sea,West,SwiftLine,9000.0,437.0,20.0,342.4,2677.07,6.126,280,0,5,May
SH1233,2025-04-07,Road,South,BlueFleet,235.0,1070.0,41.0,12.5,425.55,0.398,40,1,4,Apr
SH1234,2025-07-20,Road,North,BlueFleet,265.0,171.0,15.0,14.9,133.82,0.783,40,1,7,Jul
SH1235,2025-05-04,Sea,Central,FastTrack,4185.0,309.0,11.0,184.3,995.48,3.222,280,1,5,May
SH1236,2025-07-06,Road,West,SwiftLine,265.0,896.0,41.0,13.6,378.58,0.423,40,1,7,Jul
SH1237,2025-11-22,Sea,South,CargoPrime,4889.0,619.0,19.0,258.8,1832.39,2.96,280,1,11,Nov
SH1238,2025-12-15,Road,East,CargoPrime,577.0,334.0,15.0,27.8,442.11,1.324,40,1,12,Dec
SH1239,2025-09-16,Road,West,SwiftLine,578.0,551.0,24.0,17.6,669.77,1.216,40,1,9,Sep
SH1240,2025-05-28,Sea,North,BlueFleet,6600.0,365.0,8.0,267.8,1305.79,3.578,280,1,5,May
SH1241,2025-09-09,Road,North,BlueFleet,248.0,459.0,19.0,17.5,251.92,0.549,40,1,9,Sep
SH1242,2025-12-12,Rail,East,CargoPrime,1221.0,700.0,25.0,60.3,1024.82,1.464,70,1,12,Dec
SH1243,2025-05-27,Sea,South,CargoPrime,3293.0,1134.0,44.0,176.0,1914.15,1.688,280,1,5,May
SH1244,2025-05-28,Road,West,CargoPrime,247.0,685.0,26.0,19.8,326.96,0.477,40,1,5,May
SH1245,2025-12-18,Rail,South,FastTrack,1397.0,1201.0,42.0,57.6,1646.71,1.371,70,1,12,Dec
SH1246,2025-07-18,Sea,North,CargoPrime,2219.0,127.0,7.0,127.1,280.8,2.211,280,1,7,Jul
SH1247,2025-11-04,Road,South,FastTrack,656.0,69.0,5.0,32.4,154.9,2.245,40,1,11,Nov
SH1248,2025-05-08,Sea,North,SwiftLine,3988.0,70.0,1.0,175.2,322.98,4.614,280,1,5,May
SH1249,2025-02-08,Rail,South,BlueFleet,1632.0,985.0,40.0,55.3,1669.07,1.694,70,1,2,Feb
SH1250,2025-12-04,Rail,East,CargoPrime,1171.0,654.0,22.0,64.6,901.44,1.378,70,1,12,Dec
SH1251,2025-12-26,Rail,Central,BlueFleet,986.0,227.0,4.0,47.3,352.06,1.551,70,1,12,Dec
SH1252,2025-05-09,Road,East,BlueFleet,511.0,297.0,10.0,20.4,326.13,1.098,40,1,5,May
SH1253,2025-09-24,Sea,East,CargoPrime,1906.0,528.0,24.0,118.2,587.94,1.114,280,1,9,Sep
SH1254,2025-05-31,Sea,Central,CargoPrime,4313.0,226.0,9.0,207.5,812.96,3.597,280,1,5,May
SH1255,2025-10-25,Rail,Central,SwiftLine,222.0,210.0,7.0,25.9,101.93,0.485,70,1,10,Oct
SH1256,2025-04-09,Air,West,FastTrack,992.0,239.0,11.0,19.1,1307.32,5.47,30,1,4,Apr
SH1257,2025-09-20,Rail,West,FastTrack,539.0,223.0,5.0,37.9,240.84,1.08,70,1,9,Sep
SH1258,2025-09-09,Road,East,BlueFleet,334.0,418.0,12.0,17.4,346.17,0.828,40,1,9,Sep
SH1259,2025-05-24,Rail,East,CargoPrime,626.0,1526.0,60.0,42.9,888.16,0.582,70,1,5,May
SH1260,2025-12-12,Rail,North,SwiftLine,1977.0,180.0,4.0,86.3,626.52,3.481,70,0,12,Dec
SH1261,2025-04-22,Rail,North,SwiftLine,493.0,380.0,10.0,29.7,230.02,0.605,70,1,4,Apr
SH1262,2025-03-01,Air,West,SwiftLine,3286.0,583.0,27.0,18.3,7663.47,13.145,30,1,3,Mar
SH1263,2025-01-02,Road,West,SwiftLine,775.0,619.0,34.0,31.3,954.48,1.542,40,1,1,Jan
SH1264,2025-10-31,Road,North,SwiftLine,407.0,269.0,5.0,23.1,244.07,0.907,40,1,10,Oct
SH1265,2025-09-11,Road,North,FastTrack,351.0,662.0,25.0,24.3,445.85,0.673,40,1,9,Sep
SH1266,2025-05-20,Road,South,FastTrack,751.0,565.0,23.0,21.0,760.83,1.347,40,1,5,May
SH1267,2025-02-06,Air,South,FastTrack,2146.0,281.0,4.0,15.4,3035.54,10.803,30,1,2,Feb
SH1268,2025-06-09,Rail,North,CargoPrime,411.0,137.0,5.0,27.8,65.38,0.477,70,1,6,Jun
SH1269,2025-01-09,Rail,South,BlueFleet,1567.0,162.0,6.0,57.2,400.66,2.473,70,1,1,Jan
SH1270,2025-08-21,Road,Central,SwiftLine,977.0,733.0,31.0,24.7,1372.49,1.872,40,1,8,Aug
SH1271,2025-04-09,Rail,West,CargoPrime,940.0,1264.0,47.0,43.0,1195.36,0.946,70,1,4,Apr
SH1272,2025-05-27,Road,West,SwiftLine,273.0,404.0,14.0,21.3,244.04,0.604,40,1,5,May
SH1273,2025-10-31,Road,North,FastTrack,808.0,1238.0,53.0,35.0,1574.99,1.272,40,1,10,Oct
SH1274,2025-07-27,Air,East,CargoPrime,823.0,387.0,17.0,25.6,1476.26,3.815,30,1,7,Jul
SH1275,2025-05-11,Sea,North,FastTrack,4902.0,161.0,9.0,203.0,695.12,4.318,280,1,5,May
SH1276,2025-06-01,Road,South,SwiftLine,542.0,341.0,7.0,20.1,429.94,1.261,40,1,6,Jun
SH1277,2025-02-23,Road,East,SwiftLine,484.0,1331.0,51.0,19.0,1064.51,0.8,40,1,2,Feb
SH1278,2025-04-30,Road,South,BlueFleet,731.0,249.0,16.0,22.6,487.14,1.956,40,1,4,Apr
SH1279,2025-06-10,Road,Central,SwiftLine,777.0,362.0,14.0,26.7,650.26,1.796,40,1,6,Jun
SH1280,2025-04-26,Rail,South,FastTrack,819.0,1042.0,41.0,33.2,869.43,0.834,70,1,4,Apr
SH1281,2025-03-16,Road,Central,SwiftLine,307.0,986.0,39.0,23.5,521.33,0.529,40,1,3,Mar
SH1282,2025-04-23,Road,Central,BlueFleet,276.0,515.0,27.0,20.6,307.11,0.596,40,1,4,Apr
SH1283,2025-04-14,Road,South,BlueFleet,256.0,619.0,22.0,11.9,267.75,0.433,40,1,4,Apr
SH1284,2025-12-06,Road,South,FastTrack,396.0,944.0,40.0,17.9,698.42,0.74,40,1,12,Dec
SH1285,2025-09-11,Road,Central,CargoPrime,238.0,516.0,22.0,18.9,237.67,0.461,40,1,9,Sep
SH1286,2025-08-15,Road,East,SwiftLine,299.0,1124.0,39.0,16.4,546.46,0.486,40,1,8,Aug
SH1287,2025-04-22,Road,Central,BlueFleet,528.0,691.0,26.0,34.8,729.28,1.055,40,1,4,Apr
SH1288,2025-04-09,Road,West,SwiftLine,493.0,358.0,11.0,23.6,404.89,1.131,40,1,4,Apr
SH1289,2025-06-02,Sea,Central,SwiftLine,4346.0,571.0,18.0,182.8,1596.41,2.796,280,1,6,Jun
SH1290,2025-12-15,Road,East,CargoPrime,646.0,296.0,17.0,25.5,469.03,1.585,40,1,12,Dec
SH1291,2025-12-04,Sea,West,BlueFleet,7999.0,186.0,3.0,364.9,1314.39,7.067,280,0,12,Dec
SH1292,2025-07-13,Road,North,SwiftLine,695.0,162.0,9.0,25.2,340.85,2.104,40,1,7,Jul
SH1293,2025-11-06,Sea,North,BlueFleet,5599.0,342.0,10.0,274.3,1419.85,4.152,280,1,11,Nov
SH1294,2025-06-12,Rail,East,FastTrack,736.0,518.0,26.0,34.2,507.48,0.98,70,1,6,Jun
SH1295,2025-07-27,Air,Central,FastTrack,3275.0,1704.0,66.0,20.8,16300.21,9.566,30,1,7,Jul
SH1296,2025-06-18,Air,South,SwiftLine,1904.0,563.0,24.0,12.9,4393.35,7.803,30,1,6,Jun
SH1297,2025-06-10,Road,East,BlueFleet,1099.0,470.0,17.0,29.2,1075.57,2.288,40,1,6,Jun
SH1298,2025-03-09,Road,West,SwiftLine,378.0,373.0,6.0,15.8,382.13,1.024,40,1,3,Mar
SH1299,2025-10-16,Road,West,BlueFleet,241.0,303.0,5.0,17.9,110.56,0.365,40,1,10,Oct
SH1300,2025-10-04,Rail,North,BlueFleet,2486.0,448.0,10.0,81.7,1454.94,3.248,70,0,10,Oct
SH1301,2025-10-31,Road,West,CargoPrime,516.0,324.0,14.0,31.0,395.2,1.22,40,1,10,Oct
SH1302,2025-05-15,Road,East,CargoPrime,473.0,311.0,12.0,21.8,310.29,0.998,40,1,5,May
SH1303,2025-07-14,Rail,West,CargoPrime,1046.0,778.0,33.0,58.6,927.7,1.192,70,1,7,Jul
SH1304,2025-05-08,Rail,East,SwiftLine,777.0,195.0,5.0,33.8,288.04,1.477,70,1,5,May
SH1305,2025-02-02,Air,South,CargoPrime,1879.0,330.0,5.0,23.0,2927.58,8.871,30,1,2,Feb
SH1306,2025-06-25,Rail,North,CargoPrime,440.0,233.0,15.0,27.3,184.31,0.791,70,1,6,Jun
SH1307,2025-01-22,Sea,West,FastTrack,7568.0,443.0,22.0,299.7,2309.51,5.213,280,0,1,Jan
SH1308,2025-08-26,Road,East,BlueFleet,710.0,799.0,33.0,21.5,959.73,1.201,40,1,8,Aug
SH1309,2025-06-07,Road,Central,BlueFleet,75.0,534.0,26.0,18.8,89.6,0.168,40,1,6,Jun
SH1310,2025-02-07,Road,North,CargoPrime,473.0,338.0,13.0,24.9,393.29,1.164,40,1,2,Feb
SH1311,2025-08-18,Road,South,BlueFleet,389.0,856.0,35.0,22.9,559.63,0.654,40,1,8,Aug
SH1312,2025-12-31,Sea,East,FastTrack,5566.0,817.0,30.0,259.9,2521.5,3.086,280,1,12,Dec
SH1313,2025-02-20,Road,South,FastTrack,404.0,416.0,12.0,19.5,346.21,0.832,40,1,2,Feb
SH1314,2025-09-21,Air,South,CargoPrime,1186.0,1443.0,51.0,12.2,5233.37,3.627,30,1,9,Sep
SH1315,2025-10-10,Road,West,FastTrack,613.0,564.0,20.0,22.3,671.68,1.191,40,1,10,Oct
SH1316,2025-01-27,Rail,West,BlueFleet,1323.0,552.0,33.0,45.2,933.89,1.692,70,1,1,Jan
SH1317,2025-08-14,Rail,East,SwiftLine,1552.0,154.0,1.0,61.2,454.65,2.952,70,1,8,Aug
SH1318,2025-10-04,Road,Central,BlueFleet,238.0,105.0,1.0,22.8,99.02,0.943,40,1,10,Oct
SH1319,2025-10-13,Road,East,SwiftLine,247.0,424.0,17.0,37.0,281.88,0.665,40,1,10,Oct
SH1320,2025-04-07,Road,Central,CargoPrime,153.0,896.0,45.0,15.5,267.98,0.299,40,1,4,Apr
SH1321,2025-10-11,Road,South,SwiftLine,707.0,525.0,17.0,35.3,781.05,1.488,40,1,10,Oct
SH1322,2025-11-13,Road,North,FastTrack,537.0,863.0,32.0,24.6,778.92,0.903,40,1,11,Nov
SH1323,2025-10-31,Road,East,BlueFleet,206.0,290.0,14.0,12.4,194.33,0.67,40,1,10,Oct
SH1324,2025-05-27,Road,East,SwiftLine,673.0,431.0,20.0,21.1,688.86,1.598,40,1,5,May
SH1325,2025-01-04,Rail,Central,BlueFleet,2811.0,409.0,14.0,86.6,1557.16,3.807,70,0,1,Jan
SH1326,2025-02-04,Rail,South,CargoPrime,1023.0,95.0,1.0,47.9,173.31,1.824,70,1,2,Feb
SH1327,2025-07-11,Rail,South,CargoPrime,1993.0,1688.0,69.0,83.0,3033.41,1.797,70,0,7,Jul
SH1328,2025-02-18,Road,Central,FastTrack,253.0,1052.0,41.0,16.2,375.24,0.357,40,1,2,Feb
SH1329,2025-01-17,Rail,South,CargoPrime,1508.0,848.0,35.0,55.9,1419.39,1.674,70,1,1,Jan
SH1330,2025-06-21,Road,West,SwiftLine,730.0,1128.0,44.0,26.5,1417.37,1.257,40,1,6,Jun
SH1331,2025-08-08,Road,North,CargoPrime,746.0,278.0,13.0,25.4,505.19,1.817,40,1,8,Aug
SH1332,2025-06-07,Sea,East,FastTrack,2690.0,763.0,32.0,129.2,1193.37,1.564,280,1,6,Jun
SH1333,2025-02-15,Road,North,BlueFleet,173.0,277.0,3.0,21.9,124.43,0.449,40,1,2,Feb
SH1334,2025-01-06,Rail,East,BlueFleet,782.0,454.0,16.0,33.1,511.7,1.127,70,1,1,Jan
SH1335,2025-04-09,Rail,West,CargoPrime,1757.0,100.0,5.0,63.8,370.42,3.704,70,1,4,Apr
SH1336,2025-08-21,Road,South,SwiftLine,861.0,358.0,18.0,26.8,703.3,1.965,40,1,8,Aug
SH1337,2025-02-06,Road,Central,FastTrack,764.0,119.0,3.0,21.6,233.52,1.962,40,1,2,Feb
SH1338,2025-10-07,Road,West,SwiftLine,451.0,148.0,1.0,24.3,206.15,1.393,40,1,10,Oct
SH1339,2025-12-15,Sea,North,FastTrack,4645.0,386.0,20.0,220.2,1265.77,3.279,280,1,12,Dec
SH1340,2025-10-29,Road,Central,CargoPrime,512.0,229.0,13.0,27.8,230.47,1.006,40,1,10,Oct
SH1341,2025-06-30,Road,South,FastTrack,391.0,529.0,22.0,23.7,387.69,0.733,40,1,6,Jun
SH1342,2025-04-05,Road,West,FastTrack,135.0,1541.0,60.0,13.8,288.41,0.187,40,1,4,Apr
SH1343,2025-04-09,Rail,Central,CargoPrime,1618.0,245.0,12.0,75.8,607.52,2.48,70,0,4,Apr
SH1344,2025-07-07,Road,West,SwiftLine,400.0,326.0,11.0,26.9,310.84,0.953,40,1,7,Jul
SH1345,2025-04-26,Road,West,CargoPrime,372.0,687.0,31.0,19.8,484.5,0.705,40,1,4,Apr
SH1346,2025-07-10,Rail,South,FastTrack,1658.0,236.0,17.0,55.6,627.78,2.66,70,1,7,Jul
SH1347,2025-09-10,Sea,East,CargoPrime,3555.0,228.0,7.0,182.6,761.98,3.342,280,1,9,Sep
SH1348,2025-06-10,Road,Central,FastTrack,691.0,283.0,14.0,18.8,470.47,1.662,40,1,6,Jun
SH1349,2025-09-13,Road,South,CargoPrime,550.0,816.0,30.0,20.8,780.58,0.957,40,1,9,Sep
SH1350,2025-11-19,Road,West,BlueFleet,711.0,98.0,8.0,25.9,301.75,3.079,40,1,11,Nov
SH1351,2025-05-08,Rail,South,BlueFleet,692.0,205.0,7.0,45.6,296.93,1.448,70,1,5,May
SH1352,2025-01-18,Road,East,CargoPrime,466.0,1373.0,61.0,19.6,951.1,0.693,40,1,1,Jan
SH1353,2025-10-08,Road,Central,SwiftLine,758.0,34.0,1.0,28.9,170.02,5.001,40,1,10,Oct
SH1354,2025-08-11,Air,East,FastTrack,4528.0,405.0,11.0,18.3,7555.84,18.656,30,1,8,Aug
SH1355,2025-02-23,Air,North,BlueFleet,2279.0,1372.0,54.0,14.8,9836.08,7.169,30,1,2,Feb
SH1356,2025-02-27,Road,Central,SwiftLine,407.0,1859.0,73.0,15.7,1145.03,0.616,40,1,2,Feb
SH1357,2025-11-19,Sea,East,FastTrack,4526.0,765.0,32.0,213.1,2016.51,2.636,280,1,11,Nov
SH1358,2025-12-26,Rail,West,BlueFleet,1616.0,1030.0,40.0,80.7,1757.59,1.706,70,0,12,Dec
SH1359,2025-06-23,Road,Central,BlueFleet,466.0,189.0,9.0,18.9,265.9,1.407,40,1,6,Jun
SH1360,2025-10-07,Road,Central,CargoPrime,533.0,202.0,9.0,26.8,270.99,1.342,40,1,10,Oct
SH1361,2025-04-24,Sea,South,FastTrack,5099.0,1590.0,62.0,211.2,3799.1,2.389,280,1,4,Apr
SH1362,2025-10-15,Road,West,SwiftLine,207.0,327.0,14.0,21.6,216.04,0.661,40,1,10,Oct
SH1363,2025-12-08,Road,North,SwiftLine,569.0,90.0,1.0,25.9,151.16,1.68,40,1,12,Dec
SH1364,2025-05-31,Road,East,SwiftLine,149.0,564.0,31.0,13.6,169.28,0.3,40,1,5,May
SH1365,2025-05-07,Rail,South,FastTrack,785.0,346.0,15.0,34.7,340.74,0.985,70,1,5,May
SH1366,2025-06-04,Road,East,SwiftLine,519.0,430.0,20.0,18.2,489.45,1.138,40,1,6,Jun
SH1367,2025-09-30,Road,North,SwiftLine,680.0,60.0,2.0,28.1,151.48,2.525,40,1,9,Sep
SH1368,2025-04-14,Road,North,SwiftLine,445.0,48.0,1.0,26.7,140.89,2.935,40,1,4,Apr
SH1369,2025-10-26,Road,Central,CargoPrime,704.0,514.0,24.0,58.3,819.21,1.594,40,0,10,Oct
SH1370,2025-09-03,Rail,North,CargoPrime,798.0,317.0,14.0,39.0,330.42,1.042,70,1,9,Sep
SH1371,2025-06-25,Rail,East,FastTrack,434.0,280.0,1.0,27.5,216.73,0.774,70,1,6,Jun
SH1372,2025-02-08,Road,West,FastTrack,412.0,404.0,30.0,18.2,499.17,1.236,40,1,2,Feb
SH1373,2025-06-19,Road,West,SwiftLine,788.0,216.0,12.0,22.5,390.81,1.809,40,1,6,Jun
SH1374,2025-09-04,Rail,Central,CargoPrime,995.0,326.0,12.0,45.9,512.84,1.573,70,1,9,Sep
SH1375,2025-01-26,Road,East,BlueFleet,276.0,282.0,14.0,12.2,135.36,0.48,40,1,1,Jan
SH1376,2025-12-21,Road,East,BlueFleet,823.0,819.0,34.0,35.5,1202.76,1.469,40,1,12,Dec
SH1377,2025-11-02,Sea,North,SwiftLine,7126.0,90.0,6.0,346.6,666.27,7.403,280,0,11,Nov
SH1378,2025-01-13,Rail,East,SwiftLine,833.0,240.0,6.0,38.0,257.57,1.073,70,1,1,Jan
SH1379,2025-11-12,Road,South,CargoPrime,757.0,965.0,39.0,30.8,1306.17,1.354,40,1,11,Nov
SH1380,2025-11-09,Road,North,CargoPrime,318.0,206.0,9.0,19.5,142.17,0.69,40,1,11,Nov
SH1381,2025-02-05,Road,South,CargoPrime,624.0,444.0,23.0,21.6,588.31,1.325,40,1,2,Feb
SH1382,2025-06-22,Road,Central,FastTrack,1004.0,1534.0,62.0,29.4,2315.05,1.509,40,1,6,Jun
SH1383,2025-01-20,Road,West,FastTrack,1048.0,458.0,20.0,27.1,1066.69,2.329,40,1,1,Jan
SH1384,2025-11-17,Road,Central,SwiftLine,525.0,2236.0,86.0,21.0,1537.38,0.688,40,1,11,Nov
SH1385,2025-09-21,Road,West,FastTrack,551.0,1236.0,50.0,18.3,1111.86,0.9,40,1,9,Sep
SH1386,2025-05-22,Sea,Central,CargoPrime,9000.0,240.0,13.0,382.4,1753.17,7.305,280,0,5,May
SH1387,2025-05-23,Air,East,CargoPrime,846.0,147.0,3.0,14.9,715.33,4.866,30,1,5,May
SH1388,2025-04-02,Road,South,FastTrack,375.0,249.0,8.0,25.5,283.02,1.137,40,1,4,Apr
SH1389,2025-12-20,Road,West,BlueFleet,273.0,547.0,18.0,14.9,389.02,0.711,40,1,12,Dec
SH1390,2025-11-18,Air,North,SwiftLine,4686.0,532.0,16.0,34.6,10306.59,19.373,30,0,11,Nov
SH1391,2025-10-15,Road,South,BlueFleet,426.0,687.0,24.0,28.7,535.5,0.779,40,1,10,Oct
SH1392,2025-08-03,Road,North,SwiftLine,400.0,192.0,10.0,17.7,185.93,0.968,40,1,8,Aug
SH1393,2025-12-08,Sea,South,BlueFleet,9000.0,216.0,8.0,376.4,1669.36,7.729,280,0,12,Dec
SH1394,2025-02-20,Road,South,FastTrack,248.0,631.0,22.0,14.0,307.64,0.488,40,1,2,Feb
SH1395,2025-06-02,Rail,Central,SwiftLine,1344.0,1984.0,88.0,45.9,2225.28,1.122,70,1,6,Jun
SH1396,2025-07-05,Sea,West,SwiftLine,4893.0,168.0,4.0,204.0,678.73,4.04,280,1,7,Jul
SH1397,2025-03-04,Road,West,SwiftLine,783.0,404.0,18.0,26.7,696.35,1.724,40,1,3,Mar
SH1398,2025-07-09,Road,South,CargoPrime,451.0,303.0,13.0,24.9,283.57,0.936,40,1,7,Jul
SH1399,2025-05-05,Road,East,CargoPrime,668.0,453.0,19.0,28.1,639.81,1.412,40,1,5,May
SH1400,2025-05-30,Sea,East,BlueFleet,7961.0,155.0,1.0,306.9,1213.08,7.826,280,0,5,May
SH1401,2025-11-10,Sea,North,FastTrack,9000.0,433.0,22.0,433.8,2630.55,6.075,280,0,11,Nov
SH1402,2025-02-27,Air,North,CargoPrime,3238.0,1071.0,44.0,16.8,11655.56,10.883,30,1,2,Feb
SH1403,2025-12-08,Road,Central,SwiftLine,575.0,110.0,8.0,28.6,168.78,1.534,40,1,12,Dec
SH1404,2025-11-01,Air,South,CargoPrime,2646.0,895.0,40.0,31.1,8404.43,9.39,30,0,11,Nov
SH1405,2025-06-29,Sea,North,FastTrack,4769.0,155.0,13.0,214.4,710.67,4.585,280,1,6,Jun
SH1406,2025-06-19,Rail,North,CargoPrime,1143.0,496.0,16.0,48.0,750.34,1.513,70,1,6,Jun
SH1407,2025-11-22,Sea,South,SwiftLine,6224.0,596.0,21.0,333.2,2279.52,3.825,280,0,11,Nov
SH1408,2025-09-28,Sea,Central,BlueFleet,6696.0,545.0,19.0,263.3,2353.62,4.319,280,1,9,Sep
SH1409,2025-02-23,Rail,North,SwiftLine,829.0,309.0,9.0,40.4,395.56,1.28,70,1,2,Feb
SH1410,2025-04-11,Rail,Central,FastTrack,1281.0,685.0,33.0,45.5,1102.24,1.609,70,1,4,Apr
SH1411,2025-09-21,Road,West,BlueFleet,542.0,148.0,2.0,19.5,218.57,1.477,40,1,9,Sep
SH1412,2025-02-22,Road,Central,CargoPrime,316.0,839.0,32.0,16.1,529.1,0.631,40,1,2,Feb
SH1413,2025-03-01,Rail,East,CargoPrime,1084.0,278.0,5.0,49.2,426.12,1.533,70,1,3,Mar
SH1414,2025-04-18,Road,East,CargoPrime,918.0,522.0,24.0,26.3,985.88,1.889,40,1,4,Apr
SH1415,2025-01-05,Sea,Central,BlueFleet,5665.0,305.0,12.0,230.2,1286.44,4.218,280,1,1,Jan
SH1416,2025-04-13,Sea,East,SwiftLine,6707.0,1374.0,58.0,268.4,4435.05,3.228,280,1,4,Apr
SH1417,2025-07-15,Air,West,BlueFleet,2531.0,573.0,26.0,12.7,5852.8,10.214,30,1,7,Jul
SH1418,2025-09-19,Road,South,BlueFleet,725.0,680.0,21.0,32.1,1003.68,1.476,40,1,9,Sep
SH1419,2025-12-31,Road,East,FastTrack,520.0,758.0,31.0,18.9,750.37,0.99,40,1,12,Dec
SH1420,2025-12-16,Road,East,BlueFleet,439.0,333.0,9.0,26.6,396.88,1.192,40,1,12,Dec
SH1421,2025-02-16,Rail,Central,CargoPrime,743.0,508.0,21.0,37.7,483.66,0.952,70,1,2,Feb
SH1422,2025-12-21,Air,West,SwiftLine,3631.0,460.0,16.0,28.9,7258.85,15.78,30,1,12,Dec
SH1423,2025-11-07,Sea,South,SwiftLine,3278.0,676.0,34.0,191.6,1334.3,1.974,280,1,11,Nov
SH1424,2025-11-04,Road,Central,SwiftLine,550.0,282.0,22.0,30.8,355.99,1.262,40,1,11,Nov
SH1425,2025-05-24,Sea,Central,CargoPrime,9000.0,229.0,8.0,380.2,1747.71,7.632,280,0,5,May
SH1426,2025-09-26,Sea,West,CargoPrime,7953.0,1038.0,42.0,340.0,4400.31,4.239,280,0,9,Sep
SH1427,2025-05-04,Road,South,CargoPrime,501.0,757.0,21.0,19.7,730.23,0.965,40,1,5,May
SH1428,2025-04-16,Sea,West,CargoPrime,7966.0,206.0,2.0,346.2,1434.96,6.966,280,0,4,Apr
SH1429,2025-06-07,Road,South,CargoPrime,226.0,1848.0,75.0,15.3,644.91,0.349,40,1,6,Jun
SH1430,2025-05-27,Road,West,BlueFleet,447.0,255.0,10.0,21.5,282.75,1.109,40,1,5,May
SH1431,2025-05-25,Rail,Central,CargoPrime,1254.0,444.0,19.0,55.8,713.25,1.606,70,1,5,May
SH1432,2025-04-30,Road,Central,CargoPrime,112.0,1028.0,38.0,17.9,209.68,0.204,40,1,4,Apr
SH1433,2025-11-15,Rail,North,CargoPrime,845.0,1020.0,42.0,44.0,964.01,0.945,70,1,11,Nov
SH1434,2025-10-02,Rail,East,CargoPrime,1572.0,229.0,1.0,66.9,597.19,2.608,70,1,10,Oct
SH1435,2025-04-02,Rail,West,SwiftLine,791.0,610.0,22.0,39.5,609.75,1.0,70,1,4,Apr
SH1436,2025-02-27,Road,North,CargoPrime,565.0,315.0,14.0,19.4,433.19,1.375,40,1,2,Feb
SH1437,2025-12-12,Road,East,BlueFleet,313.0,564.0,29.0,24.3,370.08,0.656,40,1,12,Dec
SH1438,2025-08-17,Rail,West,BlueFleet,1871.0,365.0,14.0,66.3,944.04,2.586,70,1,8,Aug
SH1439,2025-04-27,Road,South,BlueFleet,757.0,292.0,14.0,23.6,568.52,1.947,40,1,4,Apr
SH1440,2025-11-14,Road,East,FastTrack,1300.0,187.0,5.0,48.6,722.23,3.862,40,0,11,Nov
SH1441,2025-10-06,Road,Central,SwiftLine,1002.0,1041.0,43.0,33.2,1701.4,1.634,40,1,10,Oct
SH1442,2025-05-07,Rail,North,CargoPrime,806.0,223.0,7.0,43.7,234.44,1.051,70,1,5,May
SH1443,2025-05-09,Road,East,FastTrack,993.0,1306.0,60.0,28.6,1975.87,1.513,40,1,5,May
SH1444,2025-02-27,Rail,East,CargoPrime,455.0,319.0,11.0,30.2,272.61,0.855,70,1,2,Feb
SH1445,2025-05-02,Air,Central,FastTrack,3244.0,595.0,23.0,19.3,7673.34,12.896,30,1,5,May
SH1446,2025-01-01,Road,West,FastTrack,976.0,1382.0,58.0,27.1,2106.28,1.524,40,1,1,Jan
SH1447,2025-08-27,Road,South,BlueFleet,540.0,286.0,13.0,24.4,455.68,1.593,40,1,8,Aug
SH1448,2025-10-17,Sea,Central,BlueFleet,9000.0,588.0,22.0,423.2,3313.37,5.635,280,0,10,Oct
SH1449,2025-04-06,Sea,South,FastTrack,3817.0,599.0,26.0,169.4,1438.44,2.401,280,1,4,Apr
SH1450,2025-05-06,Sea,West,BlueFleet,5278.0,237.0,5.0,217.5,990.77,4.18,280,1,5,May
SH1451,2025-04-28,Air,East,FastTrack,3443.0,482.0,20.0,13.9,7074.89,14.678,30,1,4,Apr
SH1452,2025-02-17,Road,South,SwiftLine,403.0,732.0,31.0,19.7,513.88,0.702,40,1,2,Feb
SH1453,2025-03-30,Road,North,BlueFleet,594.0,1573.0,61.0,25.6,1317.98,0.838,40,1,3,Mar
SH1454,2025-08-25,Road,North,BlueFleet,375.0,289.0,10.0,13.9,270.91,0.937,40,1,8,Aug
SH1455,2025-09-29,Road,Central,BlueFleet,440.0,532.0,19.0,19.5,496.33,0.933,40,1,9,Sep
SH1456,2025-07-08,Road,West,SwiftLine,322.0,364.0,9.0,18.6,250.15,0.687,40,1,7,Jul
SH1457,2025-07-11,Road,Central,FastTrack,314.0,471.0,21.0,17.1,286.98,0.609,40,1,7,Jul
SH1458,2025-03-10,Road,Central,CargoPrime,638.0,251.0,8.0,24.2,405.84,1.617,40,1,3,Mar
SH1459,2025-10-05,Air,Central,BlueFleet,2745.0,352.0,16.0,19.7,4489.0,12.753,30,1,10,Oct
SH1460,2025-12-15,Air,North,FastTrack,1839.0,1359.0,54.0,14.9,7821.99,5.756,30,1,12,Dec
SH1461,2025-09-04,Road,North,SwiftLine,379.0,447.0,20.0,15.7,386.56,0.865,40,1,9,Sep
SH1462,2025-03-17,Sea,Central,CargoPrime,3193.0,429.0,10.0,176.3,1004.06,2.34,280,1,3,Mar
SH1463,2025-06-03,Road,North,BlueFleet,1105.0,204.0,4.0,33.8,606.51,2.973,40,1,6,Jun
SH1464,2025-05-24,Sea,West,SwiftLine,3161.0,966.0,35.0,145.5,1643.48,1.701,280,1,5,May
SH1465,2025-03-27,Road,Central,SwiftLine,240.0,794.0,37.0,13.6,355.99,0.448,40,1,3,Mar
SH1466,2025-07-04,Sea,North,CargoPrime,4219.0,447.0,19.0,210.0,1261.93,2.823,280,1,7,Jul
SH1467,2025-10-12,Rail,South,FastTrack,1581.0,1846.0,73.0,60.8,2457.04,1.331,70,1,10,Oct
SH1468,2025-08-08,Road,Central,BlueFleet,176.0,263.0,9.0,18.5,135.86,0.517,40,1,8,Aug
SH1469,2025-03-10,Road,Central,BlueFleet,767.0,175.0,9.0,21.1,480.4,2.745,40,1,3,Mar
SH1470,2025-02-16,Road,West,FastTrack,352.0,374.0,13.0,16.7,342.22,0.915,40,1,2,Feb
SH1471,2025-04-04,Road,East,FastTrack,505.0,205.0,11.0,26.9,362.98,1.771,40,1,4,Apr
SH1472,2025-08-26,Road,East,FastTrack,387.0,489.0,19.0,16.1,436.76,0.893,40,1,8,Aug
SH1473,2025-07-23,Rail,West,CargoPrime,2332.0,428.0,22.0,76.3,1338.73,3.128,70,0,7,Jul
SH1474,2025-08-06,Road,West,CargoPrime,746.0,1015.0,37.0,27.1,1312.51,1.293,40,1,8,Aug
SH1475,2025-12-07,Rail,West,BlueFleet,1326.0,280.0,11.0,58.7,610.96,2.182,70,1,12,Dec
SH1476,2025-02-08,Sea,East,CargoPrime,5625.0,526.0,17.0,261.4,1843.76,3.505,280,1,2,Feb
SH1477,2025-04-10,Road,West,SwiftLine,506.0,468.0,25.0,19.3,526.1,1.124,40,1,4,Apr
SH1478,2025-10-16,Rail,North,BlueFleet,1361.0,785.0,31.0,55.1,1196.08,1.524,70,1,10,Oct
SH1479,2025-09-11,Road,Central,CargoPrime,159.0,163.0,2.0,19.9,135.43,0.831,40,1,9,Sep
SH1480,2025-08-10,Air,Central,FastTrack,6256.0,197.0,4.0,26.8,6873.78,34.892,30,1,8,Aug
SH1481,2025-12-23,Road,South,SwiftLine,195.0,254.0,12.0,19.7,50.0,0.197,40,1,12,Dec
SH1482,2025-01-23,Sea,South,FastTrack,2597.0,169.0,1.0,124.2,415.44,2.458,280,1,1,Jan
SH1483,2025-09-07,Sea,Central,BlueFleet,8265.0,658.0,26.0,321.9,3196.34,4.858,280,0,9,Sep
SH1484,2025-01-10,Road,North,FastTrack,524.0,663.0,23.0,24.6,722.69,1.09,40,1,1,Jan
SH1485,2025-09-03,Road,East,CargoPrime,299.0,966.0,38.0,14.2,468.12,0.485,40,1,9,Sep
SH1486,2025-11-21,Sea,East,CargoPrime,5643.0,359.0,15.0,303.5,1419.62,3.954,280,0,11,Nov
SH1487,2025-04-10,Air,North,BlueFleet,3887.0,279.0,11.0,25.7,5406.27,19.377,30,1,4,Apr
SH1488,2025-10-17,Road,East,FastTrack,574.0,189.0,6.0,25.2,269.91,1.428,40,1,10,Oct
SH1489,2025-06-29,Road,West,BlueFleet,367.0,1145.0,46.0,15.0,683.42,0.597,40,1,6,Jun
SH1490,2025-08-11,Air,Central,FastTrack,3126.0,338.0,21.0,13.6,4966.63,14.694,30,1,8,Aug
SH1491,2025-09-07,Road,Central,SwiftLine,546.0,226.0,14.0,20.8,317.48,1.405,40,1,9,Sep
SH1492,2025-05-27,Sea,North,CargoPrime,4772.0,735.0,28.0,224.6,1983.89,2.699,280,1,5,May
SH1493,2025-04-06,Road,East,BlueFleet,744.0,308.0,15.0,29.8,547.58,1.778,40,1,4,Apr
SH1494,2025-09-14,Road,South,SwiftLine,436.0,172.0,10.0,18.9,274.25,1.594,40,1,9,Sep
SH1495,2025-11-21,Air,South,SwiftLine,2519.0,202.0,7.0,18.3,2792.69,13.825,30,1,11,Nov
SH1496,2025-01-04,Road,East,BlueFleet,491.0,434.0,17.0,20.4,492.84,1.136,40,1,1,Jan
SH1497,2025-01-16,Road,South,BlueFleet,1049.0,171.0,9.0,29.0,470.55,2.752,40,1,1,Jan
SH1498,2025-10-07,Road,North,SwiftLine,315.0,377.0,12.0,25.8,295.18,0.783,40,1,10,Oct
SH1499,2025-12-02,Road,North,FastTrack,389.0,202.0,7.0,19.3,262.52,1.3,40,1,12,Dec
SH1500,2025-09-04,Rail,East,SwiftLine,1121.0,189.0,7.0,39.7,421.8,2.232,70,1,9,Sep
SH1501,2025-09-15,Road,South,BlueFleet,929.0,273.0,10.0,29.5,647.96,2.373,40,1,9,Sep
SH1502,2025-06-09,Rail,North,SwiftLine,1594.0,458.0,17.0,53.2,990.72,2.163,70,1,6,Jun
SH1503,2025-12-06,Air,North,FastTrack,4253.0,521.0,23.0,17.9,9159.9,17.581,30,1,12,Dec
SH1504,2025-06-01,Rail,West,CargoPrime,2033.0,845.0,34.0,71.2,1872.04,2.215,70,0,6,Jun
SH1505,2025-06-27,Road,West,CargoPrime,355.0,216.0,11.0,20.9,175.55,0.813,40,1,6,Jun
SH1506,2025-06-12,Road,North,SwiftLine,211.0,1228.0,59.0,21.8,429.55,0.35,40,1,6,Jun
SH1507,2025-02-02,Sea,East,FastTrack,9000.0,3557.0,140.0,345.7,11612.56,3.265,280,0,2,Feb
SH1508,2025-06-28,Air,Central,CargoPrime,1129.0,288.0,12.0,21.4,1642.2,5.702,30,1,6,Jun
SH1509,2025-04-11,Rail,Central,SwiftLine,979.0,98.0,6.0,37.9,299.91,3.06,70,1,4,Apr
SH1510,2025-09-25,Road,North,SwiftLine,563.0,100.0,8.0,24.2,216.87,2.169,40,1,9,Sep
SH1511,2025-11-19,Road,North,FastTrack,706.0,271.0,13.0,24.7,540.29,1.994,40,1,11,Nov
SH1512,2025-03-06,Air,North,BlueFleet,3712.0,232.0,5.0,20.6,4515.93,19.465,30,1,3,Mar
SH1513,2025-06-17,Sea,East,SwiftLine,4025.0,405.0,14.0,172.6,1133.44,2.799,280,1,6,Jun
SH1514,2025-11-26,Rail,West,BlueFleet,895.0,606.0,25.0,42.7,667.05,1.101,70,1,11,Nov
SH1515,2025-02-12,Air,North,BlueFleet,1831.0,144.0,3.0,12.0,1614.63,11.213,30,1,2,Feb
SH1516,2025-02-13,Air,North,CargoPrime,3424.0,352.0,8.0,26.8,5709.38,16.22,30,1,2,Feb
SH1517,2025-10-12,Road,South,BlueFleet,706.0,269.0,8.0,26.6,451.56,1.679,40,1,10,Oct
SH1518,2025-01-12,Road,East,FastTrack,160.0,2056.0,79.0,13.5,465.86,0.227,40,1,1,Jan
SH1519,2025-04-05,Road,North,CargoPrime,489.0,134.0,1.0,32.3,107.54,0.803,40,1,4,Apr
SH1520,2025-10-29,Road,South,CargoPrime,325.0,220.0,19.0,20.8,209.46,0.952,40,1,10,Oct
SH1521,2025-09-10,Sea,Central,CargoPrime,2324.0,414.0,18.0,133.5,686.82,1.659,280,1,9,Sep
SH1522,2025-08-30,Road,North,SwiftLine,439.0,221.0,9.0,15.8,258.73,1.171,40,1,8,Aug
SH1523,2025-02-04,Road,North,SwiftLine,339.0,999.0,44.0,17.5,594.84,0.595,40,1,2,Feb
SH1524,2025-08-03,Road,South,BlueFleet,424.0,178.0,14.0,15.1,193.92,1.089,40,1,8,Aug
SH1525,2025-12-03,Road,East,CargoPrime,609.0,194.0,9.0,28.8,281.42,1.451,40,1,12,Dec
SH1526,2025-03-31,Road,North,CargoPrime,618.0,1070.0,47.0,27.9,1067.99,0.998,40,1,3,Mar
SH1527,2025-09-21,Road,Central,FastTrack,435.0,156.0,4.0,19.8,168.42,1.08,40,1,9,Sep
SH1528,2025-04-03,Rail,North,BlueFleet,781.0,787.0,28.0,31.9,638.15,0.811,70,1,4,Apr
SH1529,2025-03-31,Road,Central,FastTrack,611.0,281.0,15.0,20.5,376.2,1.339,40,1,3,Mar
SH1530,2025-04-25,Rail,West,BlueFleet,843.0,246.0,13.0,37.7,296.71,1.206,70,1,4,Apr
SH1531,2025-04-15,Road,West,BlueFleet,134.0,269.0,14.0,15.1,77.11,0.287,40,1,4,Apr
SH1532,2025-07-15,Road,Central,SwiftLine,690.0,165.0,7.0,18.7,339.38,2.057,40,1,7,Jul
SH1533,2025-11-10,Road,East,SwiftLine,158.0,834.0,30.0,11.3,188.88,0.226,40,1,11,Nov
SH1534,2025-04-24,Rail,North,FastTrack,767.0,450.0,16.0,36.9,420.75,0.935,70,1,4,Apr
SH1535,2025-03-16,Rail,North,BlueFleet,1307.0,823.0,38.0,48.5,1166.61,1.418,70,1,3,Mar
SH1536,2025-08-05,Road,West,CargoPrime,577.0,1034.0,39.0,24.9,1027.06,0.993,40,1,8,Aug
SH1537,2025-10-04,Road,Central,SwiftLine,462.0,622.0,26.0,19.7,518.56,0.834,40,1,10,Oct
SH1538,2025-09-06,Air,North,CargoPrime,1724.0,126.0,2.0,17.1,1361.69,10.807,30,1,9,Sep
SH1539,2025-06-13,Road,North,FastTrack,329.0,186.0,7.0,15.3,212.14,1.141,40,1,6,Jun
SH1540,2025-12-23,Road,East,SwiftLine,720.0,797.0,28.0,31.4,1018.13,1.277,40,1,12,Dec
SH1541,2025-07-11,Air,South,SwiftLine,2171.0,422.0,17.0,13.4,4007.15,9.496,30,1,7,Jul
SH1542,2025-08-15,Rail,West,BlueFleet,1163.0,679.0,25.0,45.7,922.93,1.359,70,1,8,Aug
SH1543,2025-06-26,Road,West,FastTrack,628.0,376.0,8.0,21.1,507.99,1.351,40,1,6,Jun
SH1544,2025-04-09,Sea,South,BlueFleet,6090.0,286.0,14.0,242.8,1237.83,4.328,280,1,4,Apr
SH1545,2025-02-05,Air,North,SwiftLine,1201.0,679.0,30.0,13.4,3138.96,4.623,30,1,2,Feb
SH1546,2025-04-06,Road,East,FastTrack,336.0,101.0,4.0,15.8,150.2,1.487,40,1,4,Apr
SH1547,2025-06-01,Rail,East,SwiftLine,2026.0,312.0,8.0,65.3,935.52,2.998,70,1,6,Jun
SH1548,2025-05-31,Rail,West,FastTrack,850.0,425.0,13.0,39.0,529.49,1.246,70,1,5,May
SH1549,2025-07-09,Road,East,SwiftLine,544.0,477.0,28.0,17.3,579.57,1.215,40,1,7,Jul
SH1550,2025-08-12,Road,South,CargoPrime,61.0,404.0,1.0,25.5,50.0,0.124,40,1,8,Aug
SH1551,2025-02-06,Road,North,CargoPrime,240.0,148.0,2.0,15.1,189.68,1.282,40,1,2,Feb
SH1552,2025-09-25,Rail,South,BlueFleet,480.0,295.0,20.0,37.7,226.17,0.767,70,1,9,Sep
SH1553,2025-07-02,Road,Central,CargoPrime,238.0,384.0,25.0,19.8,225.28,0.587,40,1,7,Jul
SH1554,2025-01-13,Sea,West,SwiftLine,3875.0,1400.0,63.0,165.9,2568.08,1.834,280,1,1,Jan
SH1555,2025-10-06,Rail,East,SwiftLine,553.0,200.0,10.0,47.5,125.39,0.627,70,1,10,Oct
SH1556,2025-08-05,Road,Central,CargoPrime,292.0,272.0,8.0,22.8,157.29,0.578,40,1,8,Aug
SH1557,2025-12-21,Rail,East,BlueFleet,1189.0,1441.0,51.0,57.7,1640.67,1.139,70,1,12,Dec
SH1558,2025-12-27,Road,North,CargoPrime,51.0,945.0,39.0,20.4,152.21,0.161,40,1,12,Dec
SH1559,2025-10-13,Rail,North,FastTrack,1372.0,165.0,4.0,61.8,417.54,2.531,70,1,10,Oct
SH1560,2025-09-30,Rail,North,FastTrack,1745.0,693.0,34.0,55.3,1413.73,2.04,70,1,9,Sep
SH1561,2025-03-03,Road,East,FastTrack,339.0,785.0,24.0,15.5,527.8,0.672,40,1,3,Mar
SH1562,2025-03-25,Road,Central,CargoPrime,1205.0,472.0,20.0,36.5,1272.97,2.697,40,1,3,Mar
SH1563,2025-08-05,Road,North,CargoPrime,199.0,158.0,10.0,12.8,50.0,0.316,40,1,8,Aug
SH1564,2025-12-08,Road,Central,CargoPrime,234.0,251.0,14.0,22.5,217.1,0.865,40,1,12,Dec
SH1565,2025-07-06,Road,East,FastTrack,356.0,244.0,13.0,13.3,211.47,0.867,40,1,7,Jul
SH1566,2025-01-19,Road,Central,BlueFleet,137.0,616.0,26.0,14.0,210.17,0.341,40,1,1,Jan
SH1567,2025-06-26,Sea,East,SwiftLine,3371.0,286.0,12.0,155.7,703.62,2.46,280,1,6,Jun
SH1568,2025-04-10,Road,East,CargoPrime,485.0,404.0,17.0,38.6,419.6,1.039,40,1,4,Apr
SH1569,2025-08-21,Road,West,BlueFleet,406.0,249.0,11.0,19.7,204.87,0.823,40,1,8,Aug
SH1570,2025-03-17,Rail,East,SwiftLine,1216.0,116.0,6.0,43.0,326.03,2.811,70,1,3,Mar
SH1571,2025-09-22,Road,East,SwiftLine,463.0,3217.0,129.0,17.4,1818.8,0.565,40,1,9,Sep
SH1572,2025-10-11,Sea,South,SwiftLine,6800.0,557.0,21.0,348.9,2337.74,4.197,280,0,10,Oct
SH1573,2025-07-25,Rail,North,BlueFleet,1007.0,1310.0,47.0,47.8,1321.71,1.009,70,1,7,Jul
SH1574,2025-08-11,Air,West,BlueFleet,1158.0,165.0,2.0,18.8,1082.41,6.56,30,1,8,Aug
SH1575,2025-02-21,Road,West,FastTrack,608.0,1360.0,53.0,33.1,1334.5,0.981,40,1,2,Feb
SH1576,2025-12-05,Road,West,BlueFleet,304.0,294.0,11.0,24.4,226.33,0.77,40,1,12,Dec
SH1577,2025-05-24,Road,South,BlueFleet,396.0,404.0,21.0,23.3,432.87,1.071,40,1,5,May
SH1578,2025-03-10,Sea,East,BlueFleet,6643.0,892.0,32.0,258.4,3220.36,3.61,280,1,3,Mar
SH1579,2025-04-09,Road,North,SwiftLine,575.0,1351.0,53.0,20.6,1369.3,1.014,40,1,4,Apr
SH1580,2025-01-25,Road,Central,CargoPrime,506.0,389.0,19.0,31.4,538.89,1.385,40,1,1,Jan
SH1581,2025-02-22,Sea,East,FastTrack,3686.0,181.0,1.0,165.3,584.02,3.227,280,1,2,Feb
SH1582,2025-05-31,Road,South,CargoPrime,674.0,404.0,12.0,30.4,622.52,1.541,40,1,5,May
SH1583,2025-05-24,Road,East,CargoPrime,402.0,647.0,27.0,17.4,554.71,0.857,40,1,5,May
SH1584,2025-02-26,Road,East,BlueFleet,128.0,263.0,16.0,16.5,50.0,0.19,40,1,2,Feb
SH1585,2025-02-08,Sea,South,FastTrack,4433.0,288.0,20.0,189.3,1013.85,3.52,280,1,2,Feb
SH1586,2025-04-19,Road,West,CargoPrime,939.0,117.0,3.0,28.4,396.92,3.392,40,1,4,Apr
SH1587,2025-06-30,Air,West,CargoPrime,1349.0,184.0,6.0,16.9,1424.46,7.742,30,1,6,Jun
SH1588,2025-02-11,Air,North,FastTrack,1800.0,576.0,22.0,20.9,4237.78,7.357,30,1,2,Feb
SH1589,2025-07-05,Road,North,BlueFleet,251.0,817.0,34.0,12.1,378.52,0.463,40,1,7,Jul
SH1590,2025-08-11,Rail,West,CargoPrime,1044.0,974.0,39.0,48.0,1114.78,1.145,70,1,8,Aug
SH1591,2025-05-02,Road,Central,SwiftLine,374.0,2492.0,100.0,25.0,1220.76,0.49,40,1,5,May
SH1592,2025-05-13,Road,East,CargoPrime,459.0,1327.0,48.0,22.8,895.02,0.674,40,1,5,May
SH1593,2025-06-12,Air,Central,SwiftLine,2132.0,357.0,8.0,18.8,3581.49,10.032,30,1,6,Jun
SH1594,2025-08-03,Sea,East,BlueFleet,6214.0,191.0,11.0,250.6,1089.15,5.702,280,1,8,Aug
SH1595,2025-08-09,Rail,West,CargoPrime,1995.0,329.0,12.0,65.6,950.93,2.89,70,1,8,Aug
SH1596,2025-08-23,Road,North,FastTrack,269.0,260.0,14.0,17.5,125.51,0.483,40,1,8,Aug
SH1597,2025-11-27,Road,North,FastTrack,476.0,461.0,19.0,36.8,507.87,1.102,40,1,11,Nov
SH1598,2025-05-26,Road,Central,CargoPrime,570.0,823.0,27.0,26.4,862.73,1.048,40,1,5,May
SH1599,2025-08-27,Road,North,BlueFleet,603.0,592.0,30.0,20.5,725.95,1.226,40,1,8,Aug
SH1600,2025-03-17,Road,West,BlueFleet,287.0,1423.0,57.0,12.7,635.51,0.447,40,1,3,Mar
SH1601,2025-01-09,Road,Central,FastTrack,362.0,554.0,19.0,17.9,449.54,0.811,40,1,1,Jan
SH1602,2025-03-15,Road,East,CargoPrime,591.0,145.0,4.0,25.5,272.94,1.882,40,1,3,Mar
SH1603,2025-09-10,Road,North,BlueFleet,337.0,256.0,5.0,12.6,202.92,0.793,40,1,9,Sep
SH1604,2025-08-18,Road,South,FastTrack,238.0,557.0,24.0,14.7,205.46,0.369,40,1,8,Aug
SH1605,2025-01-07,Road,North,SwiftLine,1012.0,484.0,19.0,32.8,1022.35,2.112,40,1,1,Jan
SH1606,2025-06-23,Sea,East,CargoPrime,3272.0,1149.0,54.0,181.7,1953.96,1.701,280,1,6,Jun
SH1607,2025-05-21,Road,Central,SwiftLine,306.0,406.0,18.0,17.6,264.89,0.652,40,1,5,May
SH1608,2025-06-17,Sea,East,SwiftLine,4591.0,350.0,22.0,199.8,1207.08,3.449,280,1,6,Jun
SH1609,2025-06-19,Sea,South,BlueFleet,3056.0,115.0,1.0,140.3,301.0,2.617,280,1,6,Jun
SH1610,2025-10-10,Road,West,BlueFleet,573.0,212.0,7.0,26.0,290.2,1.369,40,1,10,Oct
SH1611,2025-05-02,Air,North,BlueFleet,3106.0,516.0,24.0,15.1,6638.91,12.866,30,1,5,May
SH1612,2025-07-13,Rail,Central,CargoPrime,566.0,477.0,21.0,35.2,357.54,0.75,70,1,7,Jul
SH1613,2025-01-05,Rail,West,SwiftLine,463.0,649.0,26.0,28.4,429.01,0.661,70,1,1,Jan
SH1614,2025-01-29,Road,East,CargoPrime,870.0,579.0,19.0,27.2,1104.14,1.907,40,1,1,Jan
SH1615,2025-06-14,Road,Central,BlueFleet,618.0,368.0,6.0,23.5,566.97,1.541,40,1,6,Jun
SH1616,2025-12-05,Road,West,SwiftLine,331.0,181.0,6.0,20.0,92.69,0.512,40,1,12,Dec
SH1617,2025-05-16,Road,Central,CargoPrime,483.0,404.0,15.0,32.9,407.66,1.009,40,1,5,May
SH1618,2025-12-31,Rail,South,CargoPrime,992.0,389.0,16.0,60.9,413.5,1.063,70,1,12,Dec
SH1619,2025-11-17,Rail,South,FastTrack,1591.0,1209.0,43.0,72.5,1904.58,1.575,70,0,11,Nov
SH1620,2025-12-08,Road,North,CargoPrime,402.0,1167.0,43.0,25.2,830.55,0.712,40,1,12,Dec
SH1621,2025-05-25,Air,North,BlueFleet,5493.0,275.0,13.0,18.6,7638.91,27.778,30,1,5,May
SH1622,2025-11-23,Road,South,CargoPrime,416.0,245.0,12.0,21.2,195.03,0.796,40,1,11,Nov
SH1623,2025-08-05,Road,Central,SwiftLine,376.0,137.0,6.0,21.1,215.39,1.572,40,1,8,Aug
SH1624,2025-10-28,Air,South,CargoPrime,1722.0,354.0,13.0,29.7,2893.72,8.174,30,1,10,Oct
SH1625,2025-05-12,Road,North,FastTrack,821.0,276.0,6.0,26.4,631.6,2.288,40,1,5,May
SH1626,2025-10-19,Road,South,SwiftLine,186.0,3248.0,134.0,17.0,769.54,0.237,40,1,10,Oct
SH1627,2025-03-11,Road,South,SwiftLine,557.0,165.0,10.0,22.8,248.66,1.507,40,1,3,Mar
SH1628,2025-09-09,Road,Central,FastTrack,435.0,423.0,15.0,17.5,332.93,0.787,40,1,9,Sep
SH1629,2025-10-02,Sea,West,BlueFleet,6797.0,241.0,13.0,373.6,1381.73,5.733,280,0,10,Oct
SH1630,2025-12-30,Rail,North,SwiftLine,1307.0,411.0,16.0,61.7,763.7,1.858,70,1,12,Dec
SH1631,2025-07-01,Sea,Central,BlueFleet,4305.0,309.0,10.0,186.3,927.27,3.001,280,1,7,Jul
SH1632,2025-06-16,Rail,South,SwiftLine,2341.0,772.0,35.0,69.7,2001.54,2.593,70,1,6,Jun
SH1633,2025-04-01,Road,South,SwiftLine,538.0,574.0,23.0,26.8,586.03,1.021,40,1,4,Apr
SH1634,2025-07-21,Road,West,BlueFleet,717.0,752.0,28.0,21.0,1032.96,1.374,40,1,7,Jul
SH1635,2025-12-12,Rail,North,SwiftLine,1940.0,221.0,4.0,77.3,703.74,3.184,70,0,12,Dec
SH1636,2025-01-19,Road,North,BlueFleet,606.0,957.0,34.0,19.4,993.86,1.039,40,1,1,Jan
SH1637,2025-02-08,Sea,East,FastTrack,4367.0,274.0,14.0,196.5,921.48,3.363,280,1,2,Feb
SH1638,2025-05-06,Sea,North,BlueFleet,2566.0,131.0,7.0,125.9,283.87,2.167,280,1,5,May
SH1639,2025-06-22,Road,West,FastTrack,427.0,349.0,9.0,17.0,387.92,1.112,40,1,6,Jun
SH1640,2025-05-21,Sea,East,SwiftLine,7830.0,442.0,13.0,309.3,2322.04,5.253,280,0,5,May
SH1641,2025-08-30,Sea,East,BlueFleet,9000.0,148.0,14.0,343.5,1302.94,8.804,280,0,8,Aug
SH1642,2025-08-08,Rail,South,SwiftLine,1142.0,811.0,34.0,47.4,974.43,1.202,70,1,8,Aug
SH1643,2025-05-06,Road,South,BlueFleet,227.0,404.0,13.0,14.1,110.89,0.274,40,1,5,May
SH1644,2025-02-27,Road,North,FastTrack,781.0,204.0,14.0,21.1,517.32,2.536,40,1,2,Feb
SH1645,2025-05-28,Road,East,FastTrack,745.0,403.0,12.0,22.4,683.4,1.696,40,1,5,May
SH1646,2025-11-13,Road,South,BlueFleet,325.0,801.0,39.0,16.9,455.96,0.569,40,1,11,Nov
SH1647,2025-12-27,Road,West,FastTrack,596.0,153.0,2.0,36.7,248.61,1.625,40,1,12,Dec
SH1648,2025-01-01,Air,South,SwiftLine,1879.0,856.0,37.0,13.3,5726.11,6.689,30,1,1,Jan
SH1649,2025-12-14,Road,South,SwiftLine,205.0,72.0,2.0,17.1,73.7,1.024,40,1,12,Dec
SH1650,2025-07-09,Rail,East,CargoPrime,1357.0,439.5,24.0,53.5,939.99,2.139,70,1,7,Jul
SH1651,2025-07-10,Sea,East,FastTrack,7696.0,163.0,6.0,297.1,1159.56,7.114,280,0,7,Jul
SH1652,2025-11-08,Sea,Central,SwiftLine,6279.0,213.0,11.0,301.2,1128.66,5.299,280,0,11,Nov
SH1653,2025-04-27,Road,West,BlueFleet,444.0,1620.0,70.0,22.2,1087.82,0.671,40,1,4,Apr
SH1654,2025-05-14,Sea,East,FastTrack,5484.0,183.0,12.0,222.7,832.06,4.547,280,1,5,May
SH1655,2025-02-27,Road,North,SwiftLine,325.0,386.0,15.0,23.3,300.42,0.778,40,1,2,Feb
SH1656,2025-02-13,Road,West,FastTrack,508.0,172.0,3.0,22.7,270.63,1.573,40,1,2,Feb
SH1657,2025-06-22,Rail,West,BlueFleet,1070.0,746.0,29.0,44.0,921.07,1.235,70,1,6,Jun
SH1658,2025-06-09,Road,East,SwiftLine,522.0,560.0,24.0,19.0,572.36,1.022,40,1,6,Jun
SH1659,2025-06-22,Road,West,CargoPrime,339.0,626.0,28.0,29.9,386.45,0.617,40,1,6,Jun
SH1660,2025-11-13,Rail,East,CargoPrime,1380.0,997.0,44.0,70.9,1386.39,1.391,70,0,11,Nov
SH1661,2025-10-30,Road,South,FastTrack,819.0,308.0,9.0,29.9,672.68,2.184,40,1,10,Oct
SH1662,2025-05-29,Road,Central,BlueFleet,289.0,953.0,34.0,20.6,475.37,0.499,40,1,5,May
SH1663,2025-03-21,Road,South,SwiftLine,486.0,1329.0,49.0,18.0,996.74,0.75,40,1,3,Mar
SH1664,2025-08-01,Air,East,BlueFleet,3181.0,507.0,19.0,32.7,6738.42,13.291,30,0,8,Aug
SH1665,2025-07-22,Rail,East,SwiftLine,1162.0,166.0,7.0,47.7,307.04,1.85,70,1,7,Jul
SH1666,2025-09-09,Road,South,FastTrack,597.0,154.0,8.0,20.5,254.02,1.649,40,1,9,Sep
SH1667,2025-08-17,Road,North,SwiftLine,481.0,575.0,17.0,28.3,606.55,1.055,40,1,8,Aug
SH1668,2025-06-13,Road,North,BlueFleet,455.0,166.0,3.0,18.1,244.52,1.473,40,1,6,Jun
SH1669,2025-08-15,Road,North,BlueFleet,748.0,138.0,3.0,27.9,352.75,2.556,40,1,8,Aug
SH1670,2025-05-27,Air,East,FastTrack,3158.0,818.0,40.0,15.3,9417.66,11.513,30,1,5,May
SH1671,2025-01-20,Road,West,BlueFleet,242.0,279.0,10.0,23.8,257.25,0.922,40,1,1,Jan
SH1672,2025-02-16,Road,East,SwiftLine,467.0,2795.0,106.0,16.0,1640.13,0.587,40,1,2,Feb
SH1673,2025-08-21,Rail,West,FastTrack,1452.0,238.0,11.0,53.7,538.13,2.261,70,1,8,Aug
SH1674,2025-11-01,Rail,South,SwiftLine,801.0,271.0,10.0,58.3,352.94,1.302,70,1,11,Nov
SH1675,2025-01-14,Rail,Central,BlueFleet,1488.0,538.0,17.0,53.7,1033.04,1.92,70,1,1,Jan
SH1676,2025-05-23,Road,West,FastTrack,380.0,475.0,17.0,17.3,384.36,0.809,40,1,5,May
SH1677,2025-01-01,Road,North,SwiftLine,337.0,377.0,14.0,19.0,255.23,0.677,40,1,1,Jan
SH1678,2025-02-23,Road,East,BlueFleet,341.0,370.0,14.0,31.5,298.04,0.806,40,1,2,Feb
SH1679,2025-09-16,Road,South,BlueFleet,789.0,5401.0,220.0,28.1,4413.24,0.817,40,1,9,Sep
SH1680,2025-05-24,Rail,North,CargoPrime,1165.0,1523.0,63.0,50.0,1647.46,1.082,70,1,5,May
SH1681,2025-01-12,Sea,South,BlueFleet,4274.0,792.0,32.0,195.3,1856.94,2.345,280,1,1,Jan
SH1682,2025-11-26,Air,Central,SwiftLine,1600.0,151.0,10.0,15.2,1392.64,9.223,30,1,11,Nov
SH1683,2025-08-12,Air,East,FastTrack,2280.0,380.0,14.0,17.4,3987.93,10.495,30,1,8,Aug
SH1684,2025-09-29,Road,East,CargoPrime,102.0,684.0,24.0,12.0,118.75,0.174,40,1,9,Sep
SH1685,2025-12-24,Rail,Central,BlueFleet,505.0,734.0,31.0,43.3,513.8,0.7,70,1,12,Dec
SH1686,2025-06-05,Road,East,BlueFleet,824.0,1121.0,46.0,29.1,1579.28,1.409,40,1,6,Jun
SH1687,2025-01-08,Road,West,BlueFleet,533.0,242.0,4.0,18.6,286.72,1.185,40,1,1,Jan
SH1688,2025-05-02,Road,South,SwiftLine,346.0,391.0,22.0,14.4,347.54,0.889,40,1,5,May
SH1689,2025-12-14,Road,North,CargoPrime,404.0,221.0,5.0,33.8,304.05,1.376,40,1,12,Dec
SH1690,2025-06-13,Road,Central,SwiftLine,471.0,1174.0,49.0,17.9,882.91,0.752,40,1,6,Jun
SH1691,2025-03-31,Sea,West,CargoPrime,5094.0,706.0,30.0,231.3,2119.5,3.002,280,1,3,Mar
SH1692,2025-05-16,Road,North,FastTrack,603.0,269.0,1.0,25.3,389.18,1.447,40,1,5,May
SH1693,2025-07-05,Road,North,SwiftLine,367.0,483.0,20.0,20.7,332.0,0.687,40,1,7,Jul
SH1694,2025-11-12,Road,Central,SwiftLine,496.0,420.0,23.0,23.5,524.99,1.25,40,1,11,Nov
SH1695,2025-06-27,Air,West,FastTrack,2175.0,200.0,5.0,21.4,2306.37,11.532,30,1,6,Jun
SH1696,2025-01-28,Rail,North,CargoPrime,532.0,849.0,26.0,36.6,468.54,0.552,70,1,1,Jan
SH1697,2025-08-08,Rail,North,BlueFleet,997.0,429.0,17.0,46.3,558.99,1.303,70,1,8,Aug
SH1698,2025-12-23,Road,West,FastTrack,389.0,264.0,12.0,23.2,268.03,1.015,40,1,12,Dec
SH1699,2025-02-10,Rail,East,BlueFleet,663.0,197.0,8.0,30.1,172.52,0.876,70,1,2,Feb
SH1700,2025-08-16,Road,North,BlueFleet,259.0,799.0,28.0,13.4,432.54,0.541,40,1,8,Aug
SH1701,2025-07-11,Sea,South,FastTrack,9000.0,500.0,16.0,341.0,2872.6,5.745,280,0,7,Jul
SH1702,2025-05-25,Rail,West,CargoPrime,600.0,231.0,3.0,36.3,151.85,0.657,70,1,5,May
SH1703,2025-07-20,Road,North,BlueFleet,425.0,271.0,3.0,17.2,293.57,1.083,40,1,7,Jul
SH1704,2025-07-31,Road,Central,FastTrack,165.0,405.0,15.0,11.5,98.32,0.243,40,1,7,Jul
SH1705,2025-08-08,Road,South,SwiftLine,238.0,425.0,19.0,11.1,231.8,0.545,40,1,8,Aug
SH1706,2025-08-28,Road,North,SwiftLine,1244.0,470.0,19.0,35.4,1223.8,2.604,40,1,8,Aug
SH1707,2025-02-15,Road,South,SwiftLine,554.0,98.0,5.0,22.4,218.58,2.23,40,1,2,Feb
SH1708,2025-02-04,Rail,South,FastTrack,732.0,444.0,20.0,34.3,396.0,0.892,70,1,2,Feb
SH1709,2025-09-10,Road,East,SwiftLine,251.0,152.0,11.0,14.6,172.54,1.135,40,1,9,Sep
SH1710,2025-03-23,Road,South,BlueFleet,261.0,1255.0,50.0,24.5,548.16,0.437,40,1,3,Mar
SH1711,2025-09-13,Road,East,SwiftLine,910.0,929.0,39.0,25.6,1446.92,1.558,40,1,9,Sep
SH1712,2025-07-16,Road,West,SwiftLine,581.0,1018.0,42.0,19.8,1030.51,1.012,40,1,7,Jul
SH1713,2025-10-30,Sea,East,BlueFleet,4467.0,56.0,3.0,250.6,321.68,5.744,280,1,10,Oct
SH1714,2025-01-10,Road,Central,SwiftLine,350.0,318.0,13.0,16.7,299.69,0.942,40,1,1,Jan
SH1715,2025-11-08,Rail,North,BlueFleet,461.0,379.0,16.0,39.4,268.13,0.707,70,1,11,Nov
SH1716,2025-10-13,Air,West,SwiftLine,3564.0,639.0,32.0,20.0,8919.06,13.958,30,1,10,Oct
SH1717,2025-08-30,Rail,West,BlueFleet,1013.0,829.0,39.0,44.9,930.52,1.122,70,1,8,Aug
SH1718,2025-09-08,Sea,Central,SwiftLine,3097.0,1127.0,38.0,143.9,1826.8,1.621,280,1,9,Sep
SH1719,2025-12-31,Road,East,BlueFleet,492.0,63.0,3.0,43.4,168.25,2.671,40,0,12,Dec
SH1720,2025-01-05,Sea,North,FastTrack,2407.0,213.0,9.0,127.7,439.03,2.061,280,1,1,Jan
SH1721,2025-04-29,Road,East,BlueFleet,396.0,423.0,22.0,18.8,394.87,0.933,40,1,4,Apr
SH1722,2025-10-16,Road,South,SwiftLine,500.0,783.0,31.0,20.5,757.61,0.968,40,1,10,Oct
SH1723,2025-03-06,Rail,East,SwiftLine,743.0,766.0,32.0,34.5,708.25,0.925,70,1,3,Mar
SH1724,2025-05-26,Sea,West,CargoPrime,4723.0,590.0,21.0,222.5,1793.21,3.039,280,1,5,May
SH1725,2025-08-12,Air,North,BlueFleet,2539.0,242.0,13.0,22.7,3256.07,13.455,30,1,8,Aug
SH1726,2025-08-27,Road,East,FastTrack,518.0,268.0,6.0,21.2,335.66,1.252,40,1,8,Aug
SH1727,2025-06-26,Road,North,BlueFleet,339.0,244.0,9.0,15.8,163.35,0.669,40,1,6,Jun
SH1728,2025-09-24,Sea,North,BlueFleet,6495.0,184.0,3.0,258.8,1078.38,5.861,280,1,9,Sep
SH1729,2025-12-07,Road,South,FastTrack,251.0,182.0,6.0,19.7,152.24,0.836,40,1,12,Dec
SH1730,2025-10-09,Air,South,BlueFleet,2733.0,169.0,5.0,17.4,2675.6,15.832,30,1,10,Oct
SH1731,2025-03-04,Sea,West,FastTrack,2449.0,528.0,24.0,124.6,779.45,1.476,280,1,3,Mar
SH1732,2025-08-05,Road,Central,FastTrack,656.0,446.0,17.0,23.8,703.38,1.577,40,1,8,Aug
SH1733,2025-12-08,Road,North,BlueFleet,437.0,192.0,14.0,36.6,252.31,1.314,40,1,12,Dec
SH1734,2025-11-11,Road,Central,BlueFleet,189.0,103.0,3.0,13.0,50.0,0.485,40,1,11,Nov
SH1735,2025-10-10,Road,West,SwiftLine,387.0,300.0,8.0,24.1,279.69,0.932,40,1,10,Oct
SH1736,2025-06-26,Sea,North,SwiftLine,8120.0,1318.0,52.0,311.2,5184.82,3.934,280,0,6,Jun
SH1737,2025-04-08,Road,North,CargoPrime,135.0,405.0,18.0,19.5,149.83,0.37,40,1,4,Apr
SH1738,2025-04-15,Sea,Central,CargoPrime,4750.0,765.0,37.0,224.0,2167.98,2.834,280,1,4,Apr
SH1739,2025-04-09,Road,East,BlueFleet,646.0,466.0,16.0,30.1,639.56,1.372,40,1,4,Apr
SH1740,2025-11-07,Sea,South,FastTrack,5323.0,385.0,22.0,244.2,1447.39,3.759,280,1,11,Nov
SH1741,2025-01-06,Road,East,CargoPrime,439.0,124.0,4.0,25.8,162.99,1.314,40,1,1,Jan
SH1742,2025-07-16,Road,Central,BlueFleet,391.0,291.0,10.0,25.2,272.67,0.937,40,1,7,Jul
SH1743,2025-12-17,Road,South,CargoPrime,359.0,263.0,14.0,40.1,209.88,0.798,40,0,12,Dec
SH1744,2025-05-13,Air,East,FastTrack,1740.0,1319.0,58.0,28.6,7275.51,5.516,30,1,5,May
SH1745,2025-12-24,Rail,South,BlueFleet,579.0,467.0,21.0,47.4,362.71,0.777,70,1,12,Dec
SH1746,2025-09-16,Air,North,FastTrack,4884.0,1121.0,39.0,24.9,18088.02,16.136,30,1,9,Sep
SH1747,2025-01-23,Road,East,BlueFleet,649.0,994.0,41.0,18.9,1095.58,1.102,40,1,1,Jan
SH1748,2025-02-22,Road,South,CargoPrime,624.0,205.0,17.0,20.6,300.82,1.467,40,1,2,Feb
SH1749,2025-06-14,Road,South,SwiftLine,521.0,404.0,7.0,26.4,509.71,1.262,40,1,6,Jun
SH1750,2025-07-21,Road,South,CargoPrime,476.0,1553.0,64.0,17.7,1164.12,0.75,40,1,7,Jul
SH1751,2025-03-24,Road,East,CargoPrime,149.0,633.0,24.0,39.0,110.46,0.175,40,1,3,Mar
SH1752,2025-05-25,Sea,West,SwiftLine,6023.0,603.0,20.0,244.2,2276.14,3.775,280,1,5,May
SH1753,2025-03-26,Sea,East,SwiftLine,4093.0,838.0,38.0,174.2,1957.72,2.336,280,1,3,Mar
SH1754,2025-03-19,Sea,Central,BlueFleet,7249.0,592.0,17.0,282.3,2722.03,4.598,280,0,3,Mar
SH1755,2025-01-01,Air,East,BlueFleet,1478.0,625.0,24.0,15.2,3684.19,5.895,30,1,1,Jan
SH1756,2025-02-20,Road,South,FastTrack,396.0,514.0,25.0,20.5,530.22,1.032,40,1,2,Feb
SH1757,2025-06-22,Road,North,FastTrack,317.0,307.0,16.0,20.1,253.07,0.824,40,1,6,Jun
SH1758,2025-07-24,Road,East,CargoPrime,440.0,173.0,9.0,30.1,259.94,1.503,40,1,7,Jul
SH1759,2025-09-17,Sea,East,SwiftLine,4791.0,91.0,4.0,197.5,476.35,5.235,280,1,9,Sep
SH1760,2025-10-15,Road,South,FastTrack,348.0,310.0,12.0,18.5,229.91,0.742,40,1,10,Oct
SH1761,2025-02-03,Road,North,CargoPrime,247.0,572.0,21.0,13.9,313.88,0.549,40,1,2,Feb
SH1762,2025-12-14,Road,North,SwiftLine,230.0,488.0,16.0,18.0,277.67,0.569,40,1,12,Dec
SH1763,2025-04-05,Road,Central,BlueFleet,607.0,671.0,30.0,21.4,798.36,1.19,40,1,4,Apr
SH1764,2025-03-13,Sea,East,CargoPrime,3784.0,365.0,15.0,183.9,927.33,2.541,280,1,3,Mar
SH1765,2025-02-08,Air,North,BlueFleet,3612.0,3560.0,146.0,15.7,29974.66,8.42,30,1,2,Feb
SH1766,2025-06-03,Road,North,FastTrack,698.0,2042.0,79.0,39.2,1997.2,0.978,40,1,6,Jun
SH1767,2025-09-07,Sea,West,FastTrack,3775.0,120.0,2.0,168.3,440.42,3.67,280,1,9,Sep
SH1768,2025-06-11,Rail,West,SwiftLine,643.0,682.0,29.0,31.6,528.03,0.774,70,1,6,Jun
SH1769,2025-04-28,Road,North,CargoPrime,263.0,876.0,26.0,14.6,429.05,0.49,40,1,4,Apr
SH1770,2025-09-16,Road,Central,BlueFleet,424.0,74.0,1.0,28.8,112.54,1.521,40,1,9,Sep
SH1771,2025-11-02,Road,North,SwiftLine,720.0,461.0,22.0,30.2,705.44,1.53,40,1,11,Nov
SH1772,2025-09-25,Road,South,FastTrack,686.0,610.0,22.0,29.2,824.36,1.351,40,1,9,Sep
SH1773,2025-02-23,Sea,East,FastTrack,8731.0,402.0,17.0,334.5,2476.89,6.161,280,0,2,Feb
SH1774,2025-08-24,Road,Central,CargoPrime,628.0,549.0,23.0,25.3,724.64,1.32,40,1,8,Aug
SH1775,2025-08-10,Sea,South,BlueFleet,5281.0,430.0,21.0,213.9,1523.51,3.543,280,1,8,Aug
SH1776,2025-09-08,Road,Central,CargoPrime,321.0,708.0,27.0,16.4,430.26,0.608,40,1,9,Sep
SH1777,2025-11-09,Road,South,BlueFleet,1074.0,1392.0,54.0,57.1,2271.51,1.632,40,0,11,Nov
SH1778,2025-04-22,Road,East,BlueFleet,587.0,747.0,27.0,22.2,838.59,1.123,40,1,4,Apr
SH1779,2025-09-12,Road,East,CargoPrime,812.0,1033.0,44.0,33.3,1401.18,1.356,40,1,9,Sep
SH1780,2025-10-30,Road,West,SwiftLine,841.0,173.0,10.0,30.2,449.74,2.6,40,1,10,Oct
SH1781,2025-07-26,Sea,South,CargoPrime,2431.0,2043.0,87.0,145.5,2121.9,1.039,280,1,7,Jul
SH1782,2025-08-17,Road,West,CargoPrime,247.0,519.0,16.0,15.0,312.52,0.602,40,1,8,Aug
SH1783,2025-12-07,Rail,South,FastTrack,1123.0,295.0,21.0,48.7,552.41,1.873,70,1,12,Dec
SH1784,2025-03-07,Road,West,FastTrack,272.0,562.0,21.0,15.1,328.36,0.584,40,1,3,Mar
SH1785,2025-03-16,Road,East,CargoPrime,457.0,261.0,10.0,24.3,290.36,1.112,40,1,3,Mar
SH1786,2025-04-13,Road,Central,CargoPrime,715.0,451.0,19.0,39.2,662.4,1.469,40,1,4,Apr
SH1787,2025-07-11,Rail,West,FastTrack,1371.0,513.0,17.0,47.8,935.98,1.825,70,1,7,Jul
SH1788,2025-09-09,Road,South,BlueFleet,451.0,233.0,8.0,20.4,275.4,1.182,40,1,9,Sep
SH1789,2025-08-14,Road,South,CargoPrime,401.0,457.0,24.0,28.1,398.1,0.871,40,1,8,Aug
SH1790,2025-10-21,Rail,East,SwiftLine,885.0,230.0,15.0,49.1,314.89,1.369,70,1,10,Oct
SH1791,2025-11-02,Road,South,SwiftLine,441.0,229.0,10.0,33.4,213.3,0.931,40,1,11,Nov
SH1792,2025-04-08,Road,North,SwiftLine,982.0,180.0,11.0,33.3,548.34,3.046,40,1,4,Apr
SH1793,2025-12-04,Road,Central,CargoPrime,412.0,299.0,14.0,19.5,299.07,1.0,40,1,12,Dec
SH1794,2025-10-13,Sea,West,BlueFleet,5235.0,260.0,10.0,238.9,1009.72,3.884,280,1,10,Oct
SH1795,2025-12-01,Rail,Central,BlueFleet,1699.0,589.0,21.0,75.2,1219.64,2.071,70,0,12,Dec
SH1796,2025-12-13,Road,East,FastTrack,759.0,970.0,35.0,29.3,1215.75,1.253,40,1,12,Dec
SH1797,2025-11-04,Road,West,CargoPrime,718.0,685.0,24.0,30.2,965.31,1.409,40,1,11,Nov
SH1798,2025-09-06,Sea,West,BlueFleet,4807.0,878.0,42.0,199.9,2351.77,2.679,280,1,9,Sep
SH1799,2025-06-15,Rail,North,CargoPrime,1246.0,821.0,36.0,53.9,1193.98,1.454,70,1,6,Jun
SH1800,2025-12-01,Road,East,FastTrack,645.0,192.0,13.0,46.3,288.21,1.501,40,0,12,Dec
SH1801,2025-01-30,Sea,South,FastTrack,4866.0,309.0,14.0,206.0,1194.75,3.867,280,1,1,Jan
SH1802,2025-09-04,Road,North,FastTrack,183.0,1675.0,63.0,23.0,469.58,0.28,40,1,9,Sep
SH1803,2025-04-16,Road,North,SwiftLine,296.0,261.0,13.0,19.1,142.9,0.548,40,1,4,Apr
SH1804,2025-02-20,Rail,Central,CargoPrime,766.0,1778.0,76.0,38.2,1270.1,0.714,70,1,2,Feb
SH1805,2025-03-22,Road,Central,FastTrack,248.0,289.0,14.0,22.8,172.8,0.598,40,1,3,Mar
SH1806,2025-05-13,Sea,Central,CargoPrime,2852.0,78.0,1.0,155.0,206.64,2.649,280,1,5,May
SH1807,2025-10-12,Air,North,SwiftLine,2033.0,331.0,7.0,31.1,3246.73,9.809,30,0,10,Oct
SH1808,2025-05-18,Rail,South,SwiftLine,1515.0,794.0,34.0,51.2,1302.95,1.641,70,1,5,May
SH1809,2025-07-03,Road,West,FastTrack,555.0,1527.0,60.0,18.5,1322.04,0.866,40,1,7,Jul
SH1810,2025-11-26,Road,Central,FastTrack,685.0,124.0,6.0,28.0,263.89,2.128,40,1,11,Nov
SH1811,2025-09-30,Road,South,BlueFleet,377.0,783.0,28.0,23.2,529.0,0.676,40,1,9,Sep
SH1812,2025-12-06,Air,East,CargoPrime,2520.0,824.0,33.0,21.1,7470.74,9.066,30,1,12,Dec
SH1813,2025-03-10,Road,Central,FastTrack,388.0,1143.0,41.0,15.7,686.48,0.601,40,1,3,Mar
SH1814,2025-02-03,Road,West,BlueFleet,572.0,48.0,3.0,30.6,123.12,2.565,40,1,2,Feb
SH1815,2025-09-19,Air,East,CargoPrime,3085.0,1518.0,64.0,17.7,14059.02,9.262,30,1,9,Sep
SH1816,2025-02-22,Road,East,FastTrack,680.0,574.0,26.0,20.8,815.61,1.421,40,1,2,Feb
SH1817,2025-07-24,Rail,West,BlueFleet,1069.0,582.0,18.0,45.6,743.45,1.277,70,1,7,Jul
SH1818,2025-05-06,Road,Central,BlueFleet,773.0,926.0,39.0,23.7,1236.15,1.335,40,1,5,May
SH1819,2025-08-23,Sea,North,CargoPrime,4928.0,81.0,1.0,229.2,474.48,5.858,280,1,8,Aug
SH1820,2025-02-12,Road,West,BlueFleet,633.0,909.0,42.0,22.9,1003.88,1.104,40,1,2,Feb
SH1821,2025-08-28,Road,West,CargoPrime,510.0,2697.0,112.0,18.7,1794.99,0.666,40,1,8,Aug
SH1822,2025-04-21,Road,West,CargoPrime,1080.0,135.0,6.0,30.0,372.41,2.759,40,1,4,Apr
SH1823,2025-09-06,Road,East,CargoPrime,726.0,383.0,24.0,29.3,665.85,1.739,40,1,9,Sep
SH1824,2025-05-31,Air,South,SwiftLine,1971.0,416.0,14.0,14.6,3647.52,8.768,30,1,5,May
SH1825,2025-07-02,Air,North,BlueFleet,1588.0,537.0,21.0,21.7,3486.56,6.493,30,1,7,Jul
SH1826,2025-12-02,Rail,Central,CargoPrime,670.0,567.0,25.0,44.7,508.4,0.897,70,1,12,Dec
SH1827,2025-04-05,Road,Central,FastTrack,1031.0,236.0,18.0,27.7,664.83,2.817,40,1,4,Apr
SH1828,2025-01-08,Road,South,SwiftLine,259.0,417.0,23.0,26.8,249.12,0.597,40,1,1,Jan
SH1829,2025-12-26,Road,West,SwiftLine,401.0,1628.0,68.0,18.9,953.93,0.586,40,1,12,Dec
SH1830,2025-07-03,Rail,North,BlueFleet,860.0,558.0,19.0,36.6,568.9,1.02,70,1,7,Jul
SH1831,2025-10-08,Sea,Central,CargoPrime,4882.0,542.0,18.0,273.6,1647.72,3.04,280,1,10,Oct
SH1832,2025-07-14,Road,Central,BlueFleet,415.0,228.0,12.0,16.7,306.64,1.345,40,1,7,Jul
SH1833,2025-12-18,Road,West,SwiftLine,532.0,1178.0,42.0,26.6,1052.87,0.894,40,1,12,Dec
SH1834,2025-07-14,Rail,South,CargoPrime,1660.0,339.0,15.0,58.6,835.89,2.466,70,1,7,Jul
SH1835,2025-06-04,Air,North,FastTrack,1151.0,78.0,6.0,12.5,642.66,8.239,30,1,6,Jun
SH1836,2025-04-03,Air,South,CargoPrime,1584.0,565.0,17.0,26.2,3712.3,6.57,30,1,4,Apr
SH1837,2025-06-09,Sea,South,SwiftLine,4368.0,710.0,31.0,184.1,1799.82,2.535,280,1,6,Jun
SH1838,2025-03-02,Road,North,FastTrack,612.0,318.0,16.0,20.7,453.96,1.428,40,1,3,Mar
SH1839,2025-05-02,Road,North,CargoPrime,359.0,68.0,1.0,22.1,165.98,2.441,40,1,5,May
SH1840,2025-02-20,Sea,Central,FastTrack,9000.0,165.0,6.0,343.6,1353.71,8.204,280,0,2,Feb
SH1841,2025-10-04,Rail,Central,FastTrack,1718.0,368.0,8.0,67.0,960.85,2.611,70,1,10,Oct
SH1842,2025-01-05,Road,North,SwiftLine,608.0,295.0,11.0,27.6,457.3,1.55,40,1,1,Jan
SH1843,2025-04-02,Air,East,FastTrack,1631.0,574.0,17.0,21.9,3759.68,6.55,30,1,4,Apr
SH1844,2025-06-19,Air,Central,BlueFleet,1757.0,648.0,23.0,13.9,4425.24,6.829,30,1,6,Jun
SH1845,2025-11-13,Rail,East,SwiftLine,1003.0,285.0,10.0,42.3,406.45,1.426,70,1,11,Nov
SH1846,2025-01-22,Rail,North,BlueFleet,1642.0,439.5,1.0,53.0,443.35,1.009,70,1,1,Jan
SH1847,2025-11-22,Road,Central,FastTrack,585.0,1290.0,47.0,29.8,1243.92,0.964,40,1,11,Nov
SH1848,2025-01-01,Road,South,BlueFleet,284.0,632.0,20.0,14.3,370.76,0.587,40,1,1,Jan
SH1849,2025-05-13,Road,North,CargoPrime,485.0,690.0,32.0,20.2,650.69,0.943,40,1,5,May
SH1850,2025-08-21,Sea,West,FastTrack,5220.0,549.0,22.0,215.0,1782.69,3.247,280,1,8,Aug
SH1851,2025-01-12,Sea,East,CargoPrime,3767.0,971.0,44.0,184.8,2006.03,2.066,280,1,1,Jan
SH1852,2025-12-12,Sea,North,BlueFleet,6314.0,297.0,10.0,323.1,1468.92,4.946,280,0,12,Dec
SH1853,2025-02-15,Road,North,CargoPrime,354.0,783.0,30.0,17.6,520.97,0.665,40,1,2,Feb
SH1854,2025-02-03,Air,Central,FastTrack,3021.0,689.0,26.0,23.5,7944.68,11.531,30,1,2,Feb
SH1855,2025-03-19,Air,Central,CargoPrime,3081.0,671.0,15.0,25.9,7967.53,11.874,30,1,3,Mar
SH1856,2025-08-06,Rail,Central,BlueFleet,1493.0,439.5,8.0,57.2,386.48,0.879,70,1,8,Aug
SH1857,2025-10-28,Air,West,BlueFleet,2321.0,451.0,18.0,20.2,4484.93,9.944,30,1,10,Oct
SH1858,2025-03-14,Sea,Central,BlueFleet,4138.0,550.0,22.0,178.3,1435.98,2.611,280,1,3,Mar
SH1859,2025-10-09,Road,North,FastTrack,632.0,1674.0,59.0,40.8,1514.94,0.905,40,0,10,Oct
SH1860,2025-09-06,Road,Central,BlueFleet,236.0,404.0,17.0,14.6,205.66,0.509,40,1,9,Sep
SH1861,2025-02-16,Road,South,FastTrack,1035.0,959.0,37.0,28.4,1698.45,1.771,40,1,2,Feb
SH1862,2025-05-01,Road,Central,CargoPrime,412.0,123.0,5.0,22.0,159.3,1.295,40,1,5,May
SH1863,2025-08-02,Rail,West,BlueFleet,1445.0,227.0,9.0,54.9,528.82,2.33,70,1,8,Aug
SH1864,2025-08-27,Air,South,CargoPrime,2519.0,573.0,21.0,26.4,5709.19,9.964,30,1,8,Aug
SH1865,2025-02-25,Road,North,SwiftLine,1100.0,569.0,25.0,28.6,1280.9,2.251,40,1,2,Feb
SH1866,2025-12-16,Road,North,CargoPrime,605.0,227.0,13.0,24.4,371.51,1.637,40,1,12,Dec
SH1867,2025-04-17,Rail,East,SwiftLine,713.0,867.0,33.0,30.4,712.39,0.822,70,1,4,Apr
SH1868,2025-11-15,Road,South,CargoPrime,503.0,353.0,8.0,33.8,406.22,1.151,40,1,11,Nov
SH1869,2025-02-17,Road,East,FastTrack,223.0,346.0,8.0,18.3,224.7,0.649,40,1,2,Feb
SH1870,2025-03-02,Road,South,CargoPrime,150.0,379.0,17.0,15.7,123.88,0.327,40,1,3,Mar
SH1871,2025-12-03,Road,South,FastTrack,427.0,1177.0,52.0,22.8,831.64,0.707,40,1,12,Dec
SH1872,2025-01-26,Road,West,FastTrack,148.0,964.0,31.0,12.8,209.87,0.218,40,1,1,Jan
SH1873,2025-10-19,Road,East,BlueFleet,380.0,1820.0,69.0,33.2,1033.16,0.568,40,1,10,Oct
SH1874,2025-09-14,Road,West,FastTrack,408.0,627.0,24.0,18.7,554.98,0.885,40,1,9,Sep
SH1875,2025-01-08,Sea,South,SwiftLine,8998.0,1891.0,67.0,347.4,7549.21,3.992,280,0,1,Jan
SH1876,2025-04-23,Road,North,BlueFleet,112.0,488.0,19.0,12.7,94.16,0.193,40,1,4,Apr
SH1877,2025-12-21,Air,South,BlueFleet,2312.0,365.0,16.0,17.9,3924.41,10.752,30,1,12,Dec
SH1878,2025-09-10,Road,West,CargoPrime,223.0,284.0,13.0,13.3,100.32,0.353,40,1,9,Sep
SH1879,2025-06-29,Road,East,FastTrack,461.0,350.0,12.0,19.0,302.39,0.864,40,1,6,Jun
SH1880,2025-07-26,Air,East,FastTrack,3100.0,405.0,13.0,18.6,5246.06,12.953,30,1,7,Jul
SH1881,2025-10-30,Road,West,SwiftLine,265.0,233.0,5.0,17.3,158.87,0.682,40,1,10,Oct
SH1882,2025-05-07,Road,East,CargoPrime,203.0,252.0,3.0,14.6,80.81,0.321,40,1,5,May
SH1883,2025-02-25,Rail,Central,CargoPrime,1343.0,656.0,25.0,51.1,1051.48,1.603,70,1,2,Feb
SH1884,2025-08-02,Rail,North,BlueFleet,599.0,273.0,13.0,35.0,289.5,1.06,70,1,8,Aug
SH1885,2025-01-14,Road,North,BlueFleet,634.0,104.0,4.0,26.1,224.76,2.161,40,1,1,Jan
SH1886,2025-01-28,Road,North,BlueFleet,842.0,99.0,8.0,29.7,334.28,3.377,40,1,1,Jan
SH1887,2025-03-19,Rail,East,SwiftLine,1085.0,75.0,4.0,49.5,158.45,2.113,70,1,3,Mar
SH1888,2025-08-04,Road,East,SwiftLine,506.0,130.0,8.0,24.3,250.66,1.928,40,1,8,Aug
SH1889,2025-12-31,Rail,South,BlueFleet,1840.0,154.0,7.0,71.2,503.45,3.269,70,0,12,Dec
SH1890,2025-06-03,Air,South,CargoPrime,6022.0,185.0,15.0,33.3,6367.38,34.418,30,0,6,Jun
SH1891,2025-01-14,Sea,North,SwiftLine,2924.0,507.0,18.0,135.3,915.65,1.806,280,1,1,Jan
SH1892,2025-07-06,Road,Central,CargoPrime,289.0,146.0,9.0,24.9,137.68,0.943,40,1,7,Jul
SH1893,2025-11-08,Sea,South,CargoPrime,6183.0,193.0,9.0,327.2,1048.6,5.433,280,0,11,Nov
SH1894,2025-01-07,Road,South,FastTrack,747.0,93.0,7.0,23.8,261.22,2.809,40,1,1,Jan
SH1895,2025-01-03,Road,East,BlueFleet,518.0,238.0,11.0,26.5,310.08,1.303,40,1,1,Jan
SH1896,2025-04-21,Road,Central,FastTrack,460.0,720.0,29.0,16.5,642.0,0.892,40,1,4,Apr
SH1897,2025-08-26,Air,North,BlueFleet,3790.0,396.0,17.0,15.6,6766.24,17.086,30,1,8,Aug
SH1898,2025-12-29,Road,South,BlueFleet,444.0,431.0,19.0,22.1,399.97,0.928,40,1,12,Dec
SH1899,2025-08-27,Road,Central,CargoPrime,650.0,403.0,19.0,32.1,644.63,1.6,40,1,8,Aug
SH1900,2025-10-01,Road,Central,BlueFleet,272.0,144.0,12.0,15.8,122.86,0.853,40,1,10,Oct
SH1901,2025-10-21,Air,North,CargoPrime,4547.0,291.0,12.0,26.1,6490.04,22.303,30,1,10,Oct
SH1902,2025-08-15,Air,Central,CargoPrime,2869.0,481.0,15.0,24.0,5848.82,12.16,30,1,8,Aug
SH1903,2025-01-15,Air,Central,BlueFleet,1193.0,876.0,36.0,13.5,3775.33,4.31,30,1,1,Jan
SH1904,2025-07-11,Road,Central,CargoPrime,148.0,540.0,20.0,14.3,127.99,0.237,40,1,7,Jul
SH1905,2025-04-29,Road,South,CargoPrime,496.0,816.0,31.0,34.6,756.94,0.928,40,1,4,Apr
SH1906,2025-01-28,Rail,North,CargoPrime,1101.0,169.0,5.0,46.0,303.52,1.796,70,1,1,Jan
SH1907,2025-07-21,Road,Central,SwiftLine,246.0,121.0,1.0,12.8,50.0,0.413,40,1,7,Jul
SH1908,2025-02-08,Road,Central,CargoPrime,586.0,99.0,1.0,21.8,217.66,2.199,40,1,2,Feb
SH1909,2025-09-30,Rail,South,SwiftLine,703.0,776.0,37.0,30.8,601.72,0.775,70,1,9,Sep
SH1910,2025-08-19,Sea,North,SwiftLine,6699.0,128.0,3.0,261.7,908.38,7.097,280,1,8,Aug
SH1911,2025-03-27,Air,East,CargoPrime,2644.0,943.0,31.0,25.0,8719.64,9.247,30,1,3,Mar
SH1912,2025-05-06,Air,South,CargoPrime,4967.0,282.0,12.0,25.0,7050.63,25.002,30,1,5,May
SH1913,2025-10-27,Sea,North,SwiftLine,9000.0,1533.0,64.0,425.7,6496.78,4.238,280,0,10,Oct
SH1914,2025-01-25,Road,Central,SwiftLine,397.0,282.0,11.0,18.0,307.33,1.09,40,1,1,Jan
SH1915,2025-05-25,Rail,North,CargoPrime,1585.0,294.0,7.0,61.7,648.11,2.204,70,1,5,May
SH1916,2025-01-13,Sea,North,CargoPrime,7654.0,426.0,11.0,330.2,2230.35,5.236,280,0,1,Jan
SH1917,2025-07-31,Road,North,BlueFleet,250.0,290.0,21.0,20.5,206.48,0.712,40,1,7,Jul
SH1918,2025-01-25,Air,East,SwiftLine,1609.0,564.0,17.0,26.6,3672.06,6.511,30,1,1,Jan
SH1919,2025-03-09,Rail,North,SwiftLine,992.0,175.0,1.0,42.7,304.69,1.741,70,1,3,Mar
SH1920,2025-03-08,Rail,East,BlueFleet,1094.0,468.0,17.0,40.3,700.58,1.497,70,1,3,Mar
SH1921,2025-08-21,Rail,Central,SwiftLine,1375.0,221.0,12.0,53.9,541.47,2.45,70,1,8,Aug
SH1922,2025-04-19,Sea,East,FastTrack,3254.0,342.0,20.0,150.3,779.59,2.28,280,1,4,Apr
SH1923,2025-05-26,Air,Central,SwiftLine,4517.0,134.0,5.0,16.2,3808.21,28.419,30,1,5,May
SH1924,2025-04-21,Road,Central,BlueFleet,1104.0,811.0,32.0,28.5,1652.21,2.037,40,1,4,Apr
SH1925,2025-08-16,Sea,East,FastTrack,5273.0,303.0,7.0,219.7,1176.03,3.881,280,1,8,Aug
SH1926,2025-04-21,Road,South,CargoPrime,498.0,840.0,38.0,29.3,737.14,0.878,40,1,4,Apr
SH1927,2025-02-03,Road,West,BlueFleet,317.0,224.0,9.0,17.5,196.11,0.875,40,1,2,Feb
SH1928,2025-04-21,Road,North,BlueFleet,473.0,401.0,16.0,22.8,482.04,1.202,40,1,4,Apr
SH1929,2025-09-21,Road,West,CargoPrime,701.0,846.0,36.0,41.2,1049.21,1.24,40,0,9,Sep
SH1930,2025-08-24,Road,North,BlueFleet,973.0,158.0,8.0,35.4,473.77,2.999,40,1,8,Aug
SH1931,2025-03-24,Sea,North,SwiftLine,7296.0,199.0,7.0,281.0,1299.89,6.532,280,0,3,Mar
SH1932,2025-02-11,Air,Central,CargoPrime,2632.0,772.0,36.0,26.2,7580.88,9.82,30,1,2,Feb
SH1933,2025-04-11,Rail,North,BlueFleet,943.0,1186.0,41.0,39.3,1118.99,0.943,70,1,4,Apr
SH1934,2025-01-06,Road,North,CargoPrime,399.0,409.0,17.0,16.6,279.95,0.684,40,1,1,Jan
SH1935,2025-06-29,Sea,East,CargoPrime,8517.0,186.0,9.0,368.1,1432.22,7.7,280,0,6,Jun
SH1936,2025-10-09,Sea,West,CargoPrime,5746.0,313.0,11.0,300.2,1363.52,4.356,280,0,10,Oct
SH1937,2025-11-16,Air,East,FastTrack,2634.0,1950.0,80.0,23.2,14336.66,7.352,30,1,11,Nov
SH1938,2025-08-14,Road,North,BlueFleet,266.0,139.0,8.0,15.0,142.68,1.026,40,1,8,Aug
SH1939,2025-11-11,Road,Central,FastTrack,233.0,615.0,29.0,20.4,357.99,0.582,40,1,11,Nov
SH1940,2025-12-31,Road,East,BlueFleet,625.0,446.0,17.0,33.9,615.4,1.38,40,1,12,Dec
SH1941,2025-08-17,Road,East,SwiftLine,439.0,160.0,6.0,18.9,143.17,0.895,40,1,8,Aug
SH1942,2025-10-16,Road,South,SwiftLine,265.0,314.0,15.0,16.1,259.09,0.825,40,1,10,Oct
SH1943,2025-05-30,Sea,North,SwiftLine,7868.0,95.0,3.0,302.7,806.26,8.487,280,0,5,May
SH1944,2025-10-04,Road,Central,BlueFleet,373.0,508.0,14.0,23.6,425.34,0.837,40,1,10,Oct
SH1945,2025-07-17,Road,East,CargoPrime,1031.0,570.0,26.0,29.9,1191.45,2.09,40,1,7,Jul
SH1946,2025-03-11,Road,East,CargoPrime,169.0,135.0,1.0,14.9,89.36,0.662,40,1,3,Mar
SH1947,2025-04-22,Road,Central,FastTrack,469.0,630.0,27.0,24.1,606.74,0.963,40,1,4,Apr
SH1948,2025-01-04,Road,North,FastTrack,388.0,237.0,20.0,22.9,274.36,1.158,40,1,1,Jan
SH1949,2025-12-16,Road,South,SwiftLine,346.0,220.0,11.0,27.6,210.78,0.958,40,1,12,Dec
SH1950,2025-11-27,Road,East,FastTrack,784.0,185.0,5.0,32.1,380.86,2.059,40,1,11,Nov
SH1951,2025-11-14,Air,South,BlueFleet,3437.0,685.0,26.0,22.3,9023.32,13.173,30,1,11,Nov
SH1952,2025-12-16,Sea,West,BlueFleet,4921.0,106.0,6.0,280.0,575.4,5.428,280,1,12,Dec
SH1953,2025-04-05,Road,North,FastTrack,503.0,113.0,4.0,28.6,156.72,1.387,40,1,4,Apr
SH1954,2025-06-01,Road,West,FastTrack,785.0,251.0,13.0,28.6,465.58,1.855,40,1,6,Jun
SH1955,2025-11-07,Sea,West,FastTrack,3847.0,258.0,16.0,207.5,845.77,3.278,280,1,11,Nov
SH1956,2025-05-17,Road,West,FastTrack,361.0,666.0,32.0,13.6,531.9,0.799,40,1,5,May
SH1957,2025-09-04,Road,North,SwiftLine,1469.0,375.0,10.0,44.9,1265.24,3.374,40,0,9,Sep
SH1958,2025-08-31,Sea,North,SwiftLine,6527.0,376.0,15.0,259.8,1774.14,4.718,280,1,8,Aug
SH1959,2025-01-31,Road,Central,FastTrack,242.0,110.0,6.0,13.3,103.26,0.939,40,1,1,Jan
SH1960,2025-02-09,Rail,South,BlueFleet,1641.0,336.0,20.0,58.0,711.66,2.118,70,1,2,Feb
SH1961,2025-08-17,Rail,South,SwiftLine,1875.0,59.0,4.0,62.4,278.37,4.718,70,1,8,Aug
SH1962,2025-02-05,Road,Central,BlueFleet,309.0,488.0,17.0,18.5,378.27,0.775,40,1,2,Feb
SH1963,2025-08-11,Road,Central,CargoPrime,269.0,694.0,30.0,14.3,309.07,0.445,40,1,8,Aug
SH1964,2025-01-06,Air,West,BlueFleet,2913.0,216.0,16.0,19.8,3355.71,15.536,30,1,1,Jan
SH1965,2025-11-18,Road,Central,FastTrack,741.0,545.0,21.0,28.1,798.91,1.466,40,1,11,Nov
SH1966,2025-08-08,Road,East,CargoPrime,377.0,284.0,9.0,25.4,248.01,0.873,40,1,8,Aug
SH1967,2025-03-16,Air,South,SwiftLine,2871.0,1081.0,43.0,15.0,10391.03,9.612,30,1,3,Mar
SH1968,2025-01-04,Road,Central,SwiftLine,291.0,484.0,17.0,18.2,352.11,0.728,40,1,1,Jan
SH1969,2025-12-01,Road,East,CargoPrime,184.0,176.0,10.0,14.8,145.1,0.824,40,1,12,Dec
SH1970,2025-05-14,Sea,East,BlueFleet,6070.0,1029.0,39.0,243.9,3319.19,3.226,280,1,5,May
SH1971,2025-04-28,Road,East,SwiftLine,559.0,782.0,36.0,20.6,740.73,0.947,40,1,4,Apr
SH1972,2025-04-04,Sea,East,FastTrack,6397.0,290.0,14.0,262.2,1366.31,4.711,280,1,4,Apr
SH1973,2025-03-03,Air,West,CargoPrime,4578.0,600.0,27.0,27.1,10974.28,18.29,30,1,3,Mar
SH1974,2025-07-13,Rail,East,FastTrack,754.0,592.0,26.0,34.7,482.17,0.814,70,1,7,Jul
SH1975,2025-12-01,Road,West,CargoPrime,458.0,287.0,15.0,23.2,348.94,1.216,40,1,12,Dec
SH1976,2025-07-22,Sea,West,SwiftLine,5543.0,425.0,16.0,222.2,1630.42,3.836,280,1,7,Jul
SH1977,2025-01-26,Road,East,BlueFleet,754.0,491.0,16.0,23.9,764.76,1.558,40,1,1,Jan
SH1978,2025-06-22,Air,South,CargoPrime,2886.0,235.0,7.0,17.7,3478.07,14.8,30,1,6,Jun
SH1979,2025-10-27,Road,East,CargoPrime,433.0,1185.0,51.0,29.3,841.54,0.71,40,1,10,Oct
SH1980,2025-05-13,Road,East,FastTrack,401.0,83.0,1.0,23.1,140.51,1.693,40,1,5,May
SH1981,2025-11-22,Road,East,SwiftLine,270.0,693.0,20.0,21.0,334.76,0.483,40,1,11,Nov
SH1982,2025-04-28,Sea,South,FastTrack,3264.0,152.0,7.0,147.5,420.58,2.767,280,1,4,Apr
SH1983,2025-11-20,Sea,North,SwiftLine,5055.0,332.0,17.0,246.8,1254.05,3.777,280,1,11,Nov
SH1984,2025-10-02,Road,North,FastTrack,325.0,112.0,8.0,24.1,61.9,0.553,40,1,10,Oct
SH1985,2025-07-31,Road,West,CargoPrime,551.0,140.0,2.0,27.7,262.49,1.875,40,1,7,Jul
SH1986,2025-08-13,Air,West,FastTrack,1797.0,376.0,10.0,22.7,3139.72,8.35,30,1,8,Aug
SH1987,2025-01-20,Road,South,BlueFleet,320.0,428.0,14.0,36.6,223.56,0.522,40,1,1,Jan
SH1988,2025-04-23,Road,Central,SwiftLine,522.0,942.0,36.0,20.0,834.55,0.886,40,1,4,Apr
SH1989,2025-05-20,Rail,North,SwiftLine,453.0,293.0,10.0,32.2,198.42,0.677,70,1,5,May
SH1990,2025-02-16,Road,West,CargoPrime,350.0,661.0,27.0,15.9,446.95,0.676,40,1,2,Feb
SH1991,2025-01-01,Sea,North,SwiftLine,5917.0,400.0,22.0,236.4,1621.6,4.054,280,1,1,Jan
SH1992,2025-03-31,Road,South,BlueFleet,307.0,641.0,25.0,15.7,330.91,0.516,40,1,3,Mar
SH1993,2025-05-22,Road,South,FastTrack,450.0,168.0,10.0,23.8,202.26,1.204,40,1,5,May
SH1994,2025-11-16,Road,Central,CargoPrime,553.0,433.0,20.0,44.6,551.86,1.275,40,0,11,Nov
SH1995,2025-02-07,Air,Central,BlueFleet,4495.0,544.0,19.0,20.7,10056.94,18.487,30,1,2,Feb
SH1996,2025-10-20,Road,South,SwiftLine,617.0,271.0,13.0,25.7,446.14,1.646,40,1,10,Oct
SH1997,2025-05-19,Rail,West,SwiftLine,917.0,547.0,24.0,39.3,677.93,1.239,70,1,5,May
SH1998,2025-12-22,Road,North,BlueFleet,544.0,590.0,24.0,23.9,600.79,1.018,40,1,12,Dec
SH1999,2025-11-29,Sea,East,FastTrack,9000.0,267.0,11.0,415.8,1883.84,7.056,280,0,11,Nov
SH2000,2025-09-16,Road,Central,FastTrack,154.0,750.0,30.0,18.7,207.82,0.277,40,1,9,Sep
SH2001,2025-06-10,Road,East,CargoPrime,1148.0,64.0,1.0,34.2,171.16,2.674,40,1,6,Jun
SH2002,2025-06-27,Rail,West,SwiftLine,1272.0,87.0,13.0,47.1,249.45,2.867,70,1,6,Jun
SH2003,2025-01-10,Road,Central,BlueFleet,486.0,176.0,11.0,26.9,245.02,1.392,40,1,1,Jan
SH2004,2025-09-18,Road,East,FastTrack,742.0,505.0,22.0,25.9,740.7,1.467,40,1,9,Sep
SH2005,2025-05-18,Sea,West,CargoPrime,8348.0,221.0,7.0,356.9,1577.88,7.14,280,0,5,May
SH2006,2025-06-21,Road,North,SwiftLine,671.0,138.0,5.0,23.2,319.03,2.312,40,1,6,Jun
SH2007,2025-01-13,Air,West,SwiftLine,4848.0,376.0,10.0,17.6,8372.5,22.267,30,1,1,Jan
SH2008,2025-06-17,Road,Central,CargoPrime,369.0,437.0,19.0,14.4,284.96,0.652,40,1,6,Jun
SH2009,2025-05-10,Air,South,CargoPrime,2143.0,242.0,11.0,15.8,2674.54,11.052,30,1,5,May
SH2010,2025-03-25,Road,North,FastTrack,836.0,156.0,5.0,31.3,401.38,2.573,40,1,3,Mar
SH2011,2025-11-17,Road,East,BlueFleet,501.0,406.0,16.0,35.9,434.15,1.069,40,1,11,Nov
SH2012,2025-11-15,Sea,Central,SwiftLine,9000.0,762.0,29.0,432.7,3947.41,5.18,280,0,11,Nov
SH2013,2025-04-11,Air,South,BlueFleet,2681.0,153.0,4.0,13.7,2418.65,15.808,30,1,4,Apr
SH2014,2025-11-25,Road,West,SwiftLine,351.0,1429.0,54.0,26.5,777.92,0.544,40,1,11,Nov
SH2015,2025-09-30,Road,South,SwiftLine,452.0,256.0,6.0,17.0,357.84,1.398,40,1,9,Sep
SH2016,2025-09-22,Sea,Central,BlueFleet,3277.0,242.0,7.0,149.2,658.4,2.721,280,1,9,Sep
SH2017,2025-02-07,Road,Central,CargoPrime,575.0,449.0,15.0,28.2,599.95,1.336,40,1,2,Feb
SH2018,2025-04-04,Air,South,FastTrack,2366.0,438.0,22.0,12.8,4573.24,10.441,30,1,4,Apr
SH2019,2025-04-05,Air,West,SwiftLine,1564.0,68.0,1.0,13.0,800.05,11.765,30,1,4,Apr
SH2020,2025-11-01,Road,South,CargoPrime,642.0,370.0,7.0,26.1,539.69,1.459,40,1,11,Nov
SH2021,2025-03-10,Road,Central,SwiftLine,639.0,641.0,27.0,20.7,858.85,1.34,40,1,3,Mar
SH2022,2025-11-14,Rail,Central,FastTrack,1064.0,918.0,39.0,56.3,1076.07,1.172,70,1,11,Nov
SH2023,2025-08-24,Road,East,SwiftLine,400.0,368.0,19.0,27.7,378.02,1.027,40,1,8,Aug
SH2024,2025-11-30,Road,East,FastTrack,587.0,303.0,13.0,29.4,441.62,1.457,40,1,11,Nov
SH2025,2025-05-17,Sea,North,FastTrack,6272.0,720.0,24.0,253.8,2634.38,3.659,280,1,5,May
SH2026,2025-03-17,Rail,Central,SwiftLine,1139.0,1692.0,64.0,40.2,1708.38,1.01,70,1,3,Mar
SH2027,2025-02-04,Air,East,SwiftLine,2337.0,435.0,20.0,17.8,4516.09,10.382,30,1,2,Feb
SH2028,2025-01-01,Rail,South,FastTrack,793.0,349.0,20.0,36.2,396.4,1.136,70,1,1,Jan
SH2029,2025-10-23,Rail,West,CargoPrime,771.0,1103.0,40.0,57.3,912.44,0.827,70,1,10,Oct
SH2030,2025-11-16,Road,South,BlueFleet,675.0,163.0,7.0,31.5,380.27,2.333,40,1,11,Nov
SH2031,2025-03-01,Road,West,FastTrack,393.0,424.0,15.0,14.3,405.25,0.956,40,1,3,Mar
SH2032,2025-11-16,Road,East,SwiftLine,750.0,2769.0,107.0,30.3,2647.24,0.956,40,1,11,Nov
SH2033,2025-12-15,Road,North,SwiftLine,267.0,580.0,23.0,24.5,379.56,0.654,40,1,12,Dec
SH2034,2025-11-24,Air,South,CargoPrime,1899.0,745.0,29.0,24.1,5248.98,7.046,30,1,11,Nov
SH2035,2025-09-24,Road,South,BlueFleet,207.0,310.0,4.0,10.4,139.36,0.45,40,1,9,Sep
SH2036,2025-12-27,Road,South,FastTrack,315.0,645.0,27.0,17.3,345.72,0.536,40,1,12,Dec
SH2037,2025-08-17,Road,West,FastTrack,297.0,1067.0,44.0,12.2,471.32,0.442,40,1,8,Aug
SH2038,2025-09-27,Road,East,BlueFleet,311.0,120.0,8.0,21.8,118.73,0.989,40,1,9,Sep
SH2039,2025-11-12,Road,South,FastTrack,275.0,374.0,13.0,20.9,246.87,0.66,40,1,11,Nov
SH2040,2025-10-13,Road,South,BlueFleet,342.0,534.0,15.0,21.5,397.01,0.743,40,1,10,Oct
SH2041,2025-10-18,Road,North,SwiftLine,270.0,386.0,14.0,17.7,209.12,0.542,40,1,10,Oct
SH2042,2025-08-01,Road,North,BlueFleet,787.0,273.0,14.0,31.4,525.59,1.925,40,1,8,Aug
SH2043,2025-06-14,Road,East,FastTrack,199.0,1232.0,49.0,13.8,427.49,0.347,40,1,6,Jun
SH2044,2025-01-05,Air,East,BlueFleet,3288.0,475.0,22.0,21.0,6616.53,13.93,30,1,1,Jan
SH2045,2025-12-05,Road,Central,CargoPrime,456.0,230.0,4.0,27.8,279.1,1.213,40,1,12,Dec
SH2046,2025-03-19,Road,North,SwiftLine,281.0,887.0,39.0,24.1,493.86,0.557,40,1,3,Mar
SH2047,2025-03-03,Rail,Central,SwiftLine,748.0,1226.0,50.0,41.4,890.46,0.726,70,1,3,Mar
SH2048,2025-05-12,Road,West,BlueFleet,787.0,1005.0,39.0,22.4,1333.02,1.326,40,1,5,May
SH2049,2025-03-30,Sea,Central,FastTrack,6775.0,289.0,16.0,267.6,1560.68,5.4,280,1,3,Mar
SH2050,2025-08-25,Road,South,CargoPrime,420.0,299.0,13.0,26.4,251.78,0.842,40,1,8,Aug
SH2051,2025-02-11,Road,Central,SwiftLine,472.0,176.0,3.0,32.3,206.95,1.176,40,1,2,Feb
SH2052,2025-03-30,Rail,East,SwiftLine,1341.0,494.0,24.0,45.1,824.36,1.669,70,1,3,Mar
SH2053,2025-10-23,Road,West,FastTrack,526.0,972.0,38.0,22.0,909.13,0.935,40,1,10,Oct
SH2054,2025-11-24,Rail,South,FastTrack,1803.0,634.0,26.0,68.3,1304.76,2.058,70,1,11,Nov
SH2055,2025-10-22,Road,Central,CargoPrime,199.0,1639.0,62.0,18.7,530.03,0.323,40,1,10,Oct
SH2056,2025-04-14,Sea,West,BlueFleet,3286.0,85.0,3.0,152.1,310.09,3.648,280,1,4,Apr
SH2057,2025-01-14,Road,West,FastTrack,213.0,451.0,14.0,12.2,250.33,0.555,40,1,1,Jan
SH2058,2025-10-15,Road,South,BlueFleet,891.0,785.0,31.0,33.0,1335.18,1.701,40,1,10,Oct
SH2059,2025-06-28,Rail,Central,CargoPrime,558.0,248.0,10.0,33.4,188.2,0.759,70,1,6,Jun
SH2060,2025-05-05,Road,West,BlueFleet,457.0,163.0,9.0,20.0,220.14,1.351,40,1,5,May
SH2061,2025-12-19,Road,West,SwiftLine,511.0,154.0,1.0,22.5,226.65,1.472,40,1,12,Dec
SH2062,2025-01-23,Air,North,BlueFleet,1593.0,439.0,22.0,14.4,3057.73,6.965,30,1,1,Jan
SH2063,2025-03-04,Sea,West,CargoPrime,3575.0,151.0,10.0,177.4,483.36,3.201,280,1,3,Mar
SH2064,2025-05-23,Road,North,CargoPrime,900.0,1311.0,52.0,32.4,1903.93,1.452,40,1,5,May
SH2065,2025-06-02,Air,Central,CargoPrime,2869.0,609.0,25.0,17.2,6923.51,11.369,30,1,6,Jun
SH2066,2025-05-25,Sea,Central,BlueFleet,5953.0,344.0,15.0,239.0,1486.47,4.321,280,1,5,May
SH2067,2025-08-13,Sea,Central,SwiftLine,8207.0,378.0,15.0,317.6,2253.68,5.962,280,0,8,Aug
SH2068,2025-11-05,Road,East,FastTrack,308.0,959.0,41.0,19.7,544.69,0.568,40,1,11,Nov
SH2069,2025-04-14,Air,Central,SwiftLine,1148.0,1179.0,46.0,14.1,4415.35,3.745,30,1,4,Apr
SH2070,2025-04-14,Road,West,BlueFleet,311.0,191.0,5.0,12.5,151.14,0.791,40,1,4,Apr
SH2071,2025-02-08,Sea,South,BlueFleet,6197.0,224.0,11.0,253.8,1214.89,5.424,280,1,2,Feb
SH2072,2025-07-17,Road,North,FastTrack,443.0,303.0,6.0,17.2,285.98,0.944,40,1,7,Jul
SH2073,2025-05-14,Road,East,BlueFleet,304.0,245.0,12.0,23.2,237.02,0.967,40,1,5,May
SH2074,2025-03-08,Air,Central,CargoPrime,2366.0,95.0,7.0,18.1,1581.93,16.652,30,1,3,Mar
SH2075,2025-06-28,Road,Central,CargoPrime,712.0,210.0,5.0,28.6,357.51,1.702,40,1,6,Jun
SH2076,2025-02-11,Sea,South,CargoPrime,3888.0,230.0,15.0,201.9,741.97,3.226,280,1,2,Feb
SH2077,2025-01-15,Sea,South,CargoPrime,3627.0,154.0,5.0,187.0,467.8,3.038,280,1,1,Jan
SH2078,2025-04-21,Rail,East,CargoPrime,804.0,574.0,21.0,40.2,555.48,0.968,70,1,4,Apr
SH2079,2025-06-06,Road,North,BlueFleet,392.0,365.0,12.0,19.6,342.1,0.937,40,1,6,Jun
SH2080,2025-10-16,Rail,Central,FastTrack,694.0,661.0,28.0,47.2,501.95,0.759,70,1,10,Oct
SH2081,2025-08-19,Road,East,FastTrack,381.0,183.0,6.0,20.6,104.44,0.571,40,1,8,Aug
SH2082,2025-06-06,Road,West,CargoPrime,748.0,670.0,21.0,32.6,960.84,1.434,40,1,6,Jun
SH2083,2025-02-07,Sea,West,BlueFleet,6073.0,453.0,19.0,239.4,1863.77,4.114,280,1,2,Feb
SH2084,2025-04-07,Road,East,SwiftLine,715.0,260.0,9.0,37.1,460.9,1.773,40,1,4,Apr
SH2085,2025-10-16,Road,Central,SwiftLine,354.0,1456.0,63.0,21.5,786.46,0.54,40,1,10,Oct
SH2086,2025-09-11,Sea,East,BlueFleet,7644.0,441.0,19.0,301.4,2284.44,5.18,280,0,9,Sep
SH2087,2025-07-15,Road,Central,CargoPrime,464.0,265.0,12.0,24.6,272.33,1.028,40,1,7,Jul
SH2088,2025-03-27,Road,South,FastTrack,1104.0,505.0,24.0,44.4,1247.58,2.47,40,0,3,Mar
SH2089,2025-11-18,Sea,East,BlueFleet,2450.0,189.0,8.0,148.0,418.57,2.215,280,1,11,Nov
SH2090,2025-01-10,Road,Central,SwiftLine,120.0,350.0,17.0,16.3,81.33,0.232,40,1,1,Jan
SH2091,2025-01-05,Air,East,SwiftLine,1694.0,2045.0,79.0,12.3,9521.98,4.656,30,1,1,Jan
SH2092,2025-05-03,Sea,East,SwiftLine,4299.0,98.0,11.0,185.3,433.82,4.427,280,1,5,May
SH2093,2025-11-26,Sea,Central,CargoPrime,7093.0,264.0,12.0,361.4,1470.2,5.569,280,0,11,Nov
SH2094,2025-12-19,Rail,Central,SwiftLine,649.0,358.0,10.0,40.0,331.81,0.927,70,1,12,Dec
SH2095,2025-04-28,Road,North,BlueFleet,240.0,301.0,13.0,12.3,222.86,0.74,40,1,4,Apr
SH2096,2025-10-21,Road,East,BlueFleet,98.0,270.0,12.0,24.0,50.0,0.185,40,1,10,Oct
SH2097,2025-06-08,Air,West,SwiftLine,1049.0,1563.0,63.0,32.2,4909.15,3.141,30,0,6,Jun
SH2098,2025-10-30,Sea,East,BlueFleet,9000.0,259.0,1.0,457.2,1890.94,7.301,280,0,10,Oct
SH2099,2025-08-16,Road,East,SwiftLine,260.0,554.0,20.0,17.5,266.97,0.482,40,1,8,Aug
SH2100,2025-12-31,Road,Central,SwiftLine,902.0,247.0,4.0,35.3,552.1,2.235,40,1,12,Dec
SH2101,2025-08-04,Road,East,FastTrack,512.0,555.0,17.0,16.6,519.17,0.935,40,1,8,Aug
SH2102,2025-07-03,Road,East,CargoPrime,302.0,853.0,35.0,25.3,529.07,0.62,40,1,7,Jul
SH2103,2025-01-15,Air,West,CargoPrime,2651.0,380.0,13.0,18.6,4623.82,12.168,30,1,1,Jan
SH2104,2025-06-06,Road,Central,FastTrack,227.0,255.0,9.0,15.4,126.26,0.495,40,1,6,Jun
SH2105,2025-05-16,Sea,East,FastTrack,9000.0,365.0,11.0,344.5,2339.0,6.408,280,0,5,May
SH2106,2025-09-18,Air,South,CargoPrime,1192.0,619.0,30.0,14.2,2871.41,4.639,30,1,9,Sep
SH2107,2025-06-06,Road,North,SwiftLine,282.0,807.0,32.0,13.4,421.11,0.522,40,1,6,Jun
SH2108,2025-02-16,Rail,West,SwiftLine,1374.0,496.0,14.0,52.1,864.82,1.744,70,1,2,Feb
SH2109,2025-11-20,Road,East,CargoPrime,638.0,379.0,18.0,41.2,516.23,1.362,40,0,11,Nov
SH2110,2025-11-28,Rail,South,SwiftLine,1359.0,1122.0,44.0,57.1,1507.76,1.344,70,1,11,Nov
SH2111,2025-06-22,Air,East,FastTrack,1276.0,244.0,15.0,15.6,1654.03,6.779,30,1,6,Jun
SH2112,2025-05-10,Air,East,SwiftLine,5000.0,290.0,12.0,25.2,7170.61,24.726,30,1,5,May
SH2113,2025-04-05,Sea,Central,SwiftLine,5941.0,1694.0,65.0,249.3,4519.81,2.668,280,1,4,Apr
SH2114,2025-04-25,Road,Central,BlueFleet,616.0,373.0,13.0,21.5,530.52,1.422,40,1,4,Apr
SH2115,2025-08-31,Road,Central,BlueFleet,797.0,684.0,26.0,24.5,1016.78,1.487,40,1,8,Aug
SH2116,2025-10-19,Air,South,BlueFleet,3313.0,198.0,10.0,24.6,3671.01,18.54,30,1,10,Oct
SH2117,2025-10-09,Road,East,SwiftLine,379.0,899.0,33.0,24.3,661.55,0.736,40,1,10,Oct
SH2118,2025-10-26,Road,North,CargoPrime,149.0,161.0,11.0,23.4,50.0,0.311,40,1,10,Oct
SH2119,2025-10-10,Road,West,FastTrack,111.0,151.0,8.0,12.3,50.0,0.331,40,1,10,Oct
SH2120,2025-03-10,Rail,Central,SwiftLine,939.0,824.0,34.0,40.9,862.06,1.046,70,1,3,Mar
SH2121,2025-05-28,Road,Central,CargoPrime,334.0,302.0,12.0,19.8,243.86,0.807,40,1,5,May
SH2122,2025-01-11,Rail,East,SwiftLine,1332.0,332.0,13.0,45.3,693.09,2.088,70,1,1,Jan
SH2123,2025-09-11,Sea,East,FastTrack,4675.0,569.0,18.0,196.6,1674.46,2.943,280,1,9,Sep
SH2124,2025-11-26,Road,South,SwiftLine,167.0,320.0,14.0,19.6,136.74,0.427,40,1,11,Nov
SH2125,2025-12-26,Road,South,FastTrack,370.0,174.0,15.0,24.8,203.18,1.168,40,1,12,Dec
SH2126,2025-02-07,Road,Central,SwiftLine,443.0,256.0,13.0,23.4,264.49,1.033,40,1,2,Feb
SH2127,2025-05-14,Sea,East,FastTrack,9000.0,185.0,9.0,340.3,1489.46,8.051,280,0,5,May
SH2128,2025-07-19,Road,North,SwiftLine,318.0,1022.0,35.0,18.4,568.1,0.556,40,1,7,Jul
SH2129,2025-01-23,Road,West,FastTrack,486.0,1058.0,47.0,17.2,868.25,0.821,40,1,1,Jan
SH2130,2025-10-30,Road,East,BlueFleet,720.0,206.0,11.0,33.2,330.52,1.604,40,1,10,Oct
SH2131,2025-12-12,Air,East,SwiftLine,3082.0,572.0,28.0,30.9,7095.47,12.405,30,0,12,Dec
SH2132,2025-10-29,Road,South,SwiftLine,93.0,324.0,9.0,13.4,79.65,0.246,40,1,10,Oct
SH2133,2025-12-29,Air,West,CargoPrime,2013.0,1297.0,50.0,18.2,8251.48,6.362,30,1,12,Dec
SH2134,2025-08-06,Sea,Central,CargoPrime,8051.0,2685.0,101.0,347.3,8577.22,3.194,280,0,8,Aug
SH2135,2025-05-21,Road,East,FastTrack,438.0,724.0,23.0,19.0,627.44,0.867,40,1,5,May
SH2136,2025-04-14,Air,Central,SwiftLine,1484.0,267.0,8.0,19.5,2026.68,7.591,30,1,4,Apr
SH2137,2025-07-29,Road,East,FastTrack,422.0,160.0,8.0,21.1,230.27,1.439,40,1,7,Jul
SH2138,2025-04-21,Sea,Central,BlueFleet,6083.0,491.0,18.0,248.0,1986.04,4.045,280,1,4,Apr
SH2139,2025-04-14,Rail,West,CargoPrime,1651.0,356.0,12.0,60.5,815.87,2.292,70,1,4,Apr
SH2140,2025-11-12,Sea,South,FastTrack,5014.0,127.0,6.0,278.8,628.64,4.95,280,1,11,Nov
SH2141,2025-06-20,Road,West,FastTrack,318.0,430.0,4.0,14.2,257.11,0.598,40,1,6,Jun
SH2142,2025-12-22,Road,North,CargoPrime,252.0,2186.0,85.0,16.1,804.39,0.368,40,1,12,Dec
SH2143,2025-11-20,Road,South,SwiftLine,564.0,769.0,32.0,23.5,751.92,0.978,40,1,11,Nov
SH2144,2025-05-13,Road,West,FastTrack,447.0,159.0,5.0,18.5,127.54,0.802,40,1,5,May
SH2145,2025-10-20,Road,North,CargoPrime,516.0,398.0,21.0,24.9,547.6,1.376,40,1,10,Oct
SH2146,2025-11-24,Road,East,SwiftLine,305.0,544.0,19.0,15.3,336.71,0.619,40,1,11,Nov
SH2147,2025-05-07,Road,East,BlueFleet,232.0,598.0,22.0,14.6,312.47,0.523,40,1,5,May
SH2148,2025-04-16,Road,Central,CargoPrime,217.0,109.0,1.0,23.3,107.92,0.99,40,1,4,Apr
SH2149,2025-04-02,Air,South,FastTrack,3113.0,367.0,12.0,18.8,5317.46,14.489,30,1,4,Apr
SH2150,2025-10-14,Road,East,BlueFleet,358.0,497.0,21.0,27.4,398.73,0.802,40,1,10,Oct
SH2151,2025-02-20,Road,South,SwiftLine,283.0,347.0,17.0,12.4,254.47,0.733,40,1,2,Feb
SH2152,2025-01-29,Road,East,SwiftLine,477.0,86.0,12.0,25.2,52.78,0.614,40,1,1,Jan
SH2153,2025-10-23,Road,Central,CargoPrime,205.0,357.0,17.0,20.1,131.84,0.369,40,1,10,Oct
SH2154,2025-10-24,Sea,West,CargoPrime,4782.0,755.0,25.0,267.2,1983.65,2.627,280,1,10,Oct
SH2155,2025-08-02,Road,Central,CargoPrime,812.0,255.0,15.0,35.3,500.46,1.963,40,1,8,Aug
SH2156,2025-09-24,Air,North,SwiftLine,2557.0,277.0,13.0,24.1,3537.42,12.77,30,1,9,Sep
SH2157,2025-09-14,Sea,East,BlueFleet,6087.0,1234.0,49.0,245.3,3745.41,3.035,280,1,9,Sep
SH2158,2025-10-29,Sea,North,SwiftLine,7677.0,344.0,18.0,336.1,1896.28,5.512,280,0,10,Oct
SH2159,2025-04-11,Rail,North,FastTrack,1029.0,441.0,27.0,40.9,591.86,1.342,70,1,4,Apr
SH2160,2025-12-12,Sea,South,SwiftLine,3811.0,91.0,3.0,221.0,357.8,3.932,280,1,12,Dec
SH2161,2025-04-20,Sea,East,FastTrack,5372.0,174.0,4.0,220.8,853.73,4.906,280,1,4,Apr
SH2162,2025-07-01,Rail,North,BlueFleet,504.0,2326.0,98.0,29.0,980.92,0.422,70,1,7,Jul
SH2163,2025-11-09,Rail,West,CargoPrime,944.0,439.5,71.0,59.6,1328.59,3.023,70,1,11,Nov
SH2164,2025-01-01,Rail,North,CargoPrime,2317.0,589.0,24.0,78.3,1696.02,2.879,70,0,1,Jan
SH2165,2025-11-15,Road,West,SwiftLine,121.0,65.0,3.0,18.3,50.0,0.769,40,1,11,Nov
SH2166,2025-02-24,Rail,South,CargoPrime,829.0,139.0,6.0,44.9,265.04,1.907,70,1,2,Feb
SH2167,2025-05-29,Road,North,BlueFleet,388.0,136.0,7.0,23.0,238.67,1.755,40,1,5,May
SH2168,2025-11-05,Road,Central,CargoPrime,471.0,134.0,1.0,26.7,99.3,0.741,40,1,11,Nov
SH2169,2025-05-17,Road,South,SwiftLine,1099.0,296.0,13.0,35.6,846.46,2.86,40,1,5,May
SH2170,2025-07-21,Road,West,BlueFleet,227.0,753.0,31.0,20.3,266.53,0.354,40,1,7,Jul
SH2171,2025-11-09,Road,South,FastTrack,278.0,243.0,11.0,23.4,183.94,0.757,40,1,11,Nov
SH2172,2025-04-27,Road,North,SwiftLine,691.0,315.0,13.0,26.8,536.59,1.703,40,1,4,Apr
SH2173,2025-06-03,Rail,East,FastTrack,1685.0,316.0,13.0,56.8,810.12,2.564,70,1,6,Jun
SH2174,2025-10-18,Road,East,BlueFleet,326.0,831.0,25.0,23.7,487.45,0.587,40,1,10,Oct
SH2175,2025-03-04,Sea,West,SwiftLine,2608.0,824.0,30.0,129.0,1210.88,1.47,280,1,3,Mar
SH2176,2025-09-01,Road,West,SwiftLine,516.0,459.0,22.0,16.7,525.09,1.144,40,1,9,Sep
SH2177,2025-01-25,Road,East,BlueFleet,354.0,1122.0,49.0,18.1,642.0,0.572,40,1,1,Jan
SH2178,2025-03-31,Air,West,CargoPrime,1352.0,297.0,10.0,19.2,1899.79,6.397,30,1,3,Mar
SH2179,2025-03-16,Rail,South,SwiftLine,923.0,1632.0,61.0,39.0,1358.33,0.832,70,1,3,Mar
SH2180,2025-10-21,Road,Central,SwiftLine,414.0,248.0,13.0,36.8,236.68,0.954,40,1,10,Oct
SH2181,2025-07-29,Sea,Central,FastTrack,3399.0,84.0,4.0,158.5,285.83,3.403,280,1,7,Jul
SH2182,2025-12-13,Sea,South,CargoPrime,7960.0,147.0,5.0,398.5,1068.73,7.27,280,0,12,Dec
SH2183,2025-01-17,Road,Central,FastTrack,271.0,137.0,9.0,19.0,50.0,0.365,40,1,1,Jan
SH2184,2025-05-08,Road,North,FastTrack,291.0,223.0,4.0,26.9,158.0,0.709,40,1,5,May
SH2185,2025-12-30,Sea,South,CargoPrime,6725.0,995.0,44.0,324.8,3563.6,3.582,280,0,12,Dec
SH2186,2025-09-08,Rail,West,CargoPrime,995.0,282.0,5.0,45.8,459.19,1.628,70,1,9,Sep
SH2187,2025-06-28,Road,South,BlueFleet,386.0,136.0,2.0,20.7,139.63,1.027,40,1,6,Jun
SH2188,2025-07-01,Sea,East,CargoPrime,6882.0,126.0,1.0,302.1,921.5,7.313,280,0,7,Jul
SH2189,2025-06-01,Road,West,SwiftLine,343.0,385.0,13.0,26.0,323.9,0.841,40,1,6,Jun
SH2190,2025-01-25,Road,East,CargoPrime,879.0,1366.0,56.0,41.1,1824.14,1.335,40,0,1,Jan
SH2191,2025-06-29,Road,West,BlueFleet,537.0,481.0,22.0,22.1,530.36,1.103,40,1,6,Jun
SH2192,2025-07-17,Air,Central,BlueFleet,1689.0,858.0,34.0,12.1,5267.68,6.139,30,1,7,Jul
SH2193,2025-12-10,Rail,South,BlueFleet,1120.0,556.0,17.0,50.3,806.09,1.45,70,1,12,Dec
SH2194,2025-06-10,Rail,North,CargoPrime,895.0,119.0,1.0,40.9,189.61,1.593,70,1,6,Jun
SH2195,2025-06-26,Road,West,CargoPrime,474.0,653.0,30.0,21.6,636.91,0.975,40,1,6,Jun
SH2196,2025-10-12,Road,West,FastTrack,754.0,162.0,9.0,25.6,309.99,1.914,40,1,10,Oct
SH2197,2025-03-04,Road,East,FastTrack,287.0,404.0,16.0,25.0,183.63,0.455,40,1,3,Mar
SH2198,2025-05-30,Air,Central,SwiftLine,1110.0,226.0,9.0,13.7,1246.57,5.516,30,1,5,May
SH2199,2025-06-03,Road,East,FastTrack,377.0,371.0,18.0,14.0,346.04,0.933,40,1,6,Jun
SH2200,2025-06-05,Road,East,SwiftLine,664.0,331.0,11.0,23.1,476.8,1.44,40,1,6,Jun
SH2201,2025-02-18,Sea,Central,BlueFleet,4747.0,298.0,14.0,197.5,1078.43,3.619,280,1,2,Feb
SH2202,2025-12-03,Road,North,FastTrack,304.0,324.0,11.0,18.5,174.22,0.538,40,1,12,Dec
SH2203,2025-03-25,Sea,East,CargoPrime,3057.0,500.0,17.0,158.0,1008.69,2.017,280,1,3,Mar
SH2204,2025-12-27,Road,East,FastTrack,373.0,324.0,14.0,16.8,286.7,0.885,40,1,12,Dec
SH2205,2025-06-26,Rail,West,SwiftLine,1463.0,351.0,15.0,53.4,675.36,1.924,70,1,6,Jun
SH2206,2025-05-28,Road,Central,FastTrack,300.0,1986.0,83.0,17.2,809.82,0.408,40,1,5,May
SH2207,2025-04-28,Sea,South,BlueFleet,5106.0,927.0,32.0,211.1,2580.18,2.783,280,1,4,Apr
SH2208,2025-12-08,Road,North,CargoPrime,134.0,271.0,15.0,13.5,109.64,0.405,40,1,12,Dec
SH2209,2025-03-04,Road,North,SwiftLine,200.0,439.0,18.0,12.2,255.44,0.582,40,1,3,Mar
SH2210,2025-07-08,Road,Central,CargoPrime,929.0,413.0,21.0,38.5,903.74,2.188,40,1,7,Jul
SH2211,2025-12-26,Road,West,CargoPrime,305.0,430.0,21.0,19.1,260.95,0.607,40,1,12,Dec
SH2212,2025-02-18,Road,West,SwiftLine,738.0,397.0,6.0,21.9,632.42,1.593,40,1,2,Feb
SH2213,2025-11-23,Sea,Central,CargoPrime,5912.0,433.0,22.0,321.7,1692.59,3.909,280,0,11,Nov
SH2214,2025-09-14,Road,West,CargoPrime,276.0,330.0,18.0,20.0,176.72,0.536,40,1,9,Sep
SH2215,2025-08-12,Air,North,FastTrack,1898.0,247.0,5.0,11.8,2472.3,10.009,30,1,8,Aug
SH2216,2025-05-21,Rail,North,CargoPrime,513.0,296.0,6.0,38.9,164.96,0.557,70,1,5,May
SH2217,2025-08-03,Rail,South,CargoPrime,787.0,101.0,7.0,35.6,158.97,1.574,70,1,8,Aug
SH2218,2025-07-30,Road,Central,CargoPrime,352.0,703.0,29.0,24.0,458.06,0.652,40,1,7,Jul
SH2219,2025-11-14,Road,East,CargoPrime,474.0,593.0,21.0,22.7,531.66,0.897,40,1,11,Nov
SH2220,2025-02-01,Air,East,SwiftLine,2694.0,2017.0,86.0,20.5,14997.41,7.436,30,1,2,Feb
SH2221,2025-06-07,Sea,South,BlueFleet,2688.0,155.0,7.0,128.4,311.82,2.012,280,1,6,Jun
SH2222,2025-10-12,Road,South,FastTrack,458.0,292.0,3.0,23.1,278.97,0.955,40,1,10,Oct
SH2223,2025-11-01,Road,West,CargoPrime,599.0,1026.0,37.0,32.6,1039.07,1.013,40,1,11,Nov
SH2224,2025-10-13,Road,South,CargoPrime,294.0,538.0,26.0,23.8,349.51,0.65,40,1,10,Oct
SH2225,2025-05-24,Sea,South,SwiftLine,9000.0,1488.0,60.0,343.2,6385.4,4.291,280,0,5,May
SH2226,2025-01-19,Road,East,BlueFleet,511.0,1314.0,50.0,25.2,1070.78,0.815,40,1,1,Jan
SH2227,2025-01-18,Road,West,CargoPrime,637.0,58.0,4.0,23.3,172.08,2.967,40,1,1,Jan
SH2228,2025-09-14,Sea,South,SwiftLine,6649.0,496.0,17.0,261.0,2228.59,4.493,280,1,9,Sep
SH2229,2025-03-19,Road,South,FastTrack,774.0,498.0,15.0,27.8,825.62,1.658,40,1,3,Mar
SH2230,2025-06-24,Road,West,FastTrack,329.0,396.0,20.0,12.8,333.35,0.842,40,1,6,Jun
SH2231,2025-07-13,Rail,Central,CargoPrime,1212.0,285.0,16.0,50.3,510.61,1.792,70,1,7,Jul
SH2232,2025-04-23,Sea,West,CargoPrime,9000.0,1408.0,58.0,383.7,6109.93,4.339,280,0,4,Apr
SH2233,2025-04-24,Road,East,BlueFleet,333.0,395.0,10.0,14.1,305.47,0.773,40,1,4,Apr
SH2234,2025-08-10,Road,Central,BlueFleet,288.0,33.0,9.0,20.6,50.0,1.515,40,1,8,Aug
SH2235,2025-06-15,Road,North,CargoPrime,671.0,283.0,19.0,30.7,535.88,1.894,40,1,6,Jun
SH2236,2025-11-15,Road,West,SwiftLine,458.0,2115.0,90.0,21.6,1274.34,0.603,40,1,11,Nov
SH2237,2025-05-12,Rail,East,BlueFleet,1181.0,165.0,8.0,41.6,315.07,1.91,70,1,5,May
SH2238,2025-09-21,Road,Central,CargoPrime,362.0,1069.0,43.0,15.2,695.43,0.651,40,1,9,Sep
SH2239,2025-02-24,Road,West,BlueFleet,565.0,929.0,39.0,24.1,956.04,1.029,40,1,2,Feb
SH2240,2025-12-25,Road,South,CargoPrime,586.0,329.0,9.0,27.8,460.48,1.4,40,1,12,Dec
SH2241,2025-05-11,Rail,West,FastTrack,467.0,469.0,17.0,34.1,300.7,0.641,70,1,5,May
SH2242,2025-10-15,Road,North,CargoPrime,368.0,382.0,13.0,28.1,341.39,0.894,40,1,10,Oct
SH2243,2025-09-23,Sea,West,FastTrack,5446.0,265.0,13.0,236.4,1157.65,4.368,280,1,9,Sep
SH2244,2025-06-11,Road,Central,BlueFleet,447.0,236.0,10.0,18.9,287.71,1.219,40,1,6,Jun
SH2245,2025-03-28,Sea,Central,CargoPrime,2973.0,1257.0,46.0,155.0,1821.82,1.449,280,1,3,Mar
SH2246,2025-02-24,Sea,West,BlueFleet,5419.0,351.0,8.0,227.0,1434.21,4.086,280,1,2,Feb
SH2247,2025-10-15,Road,Central,FastTrack,394.0,218.0,10.0,20.7,223.69,1.026,40,1,10,Oct
SH2248,2025-06-27,Road,South,CargoPrime,743.0,626.0,21.0,31.1,875.31,1.398,40,1,6,Jun
SH2249,2025-12-15,Road,West,BlueFleet,620.0,567.0,18.0,24.9,717.73,1.266,40,1,12,Dec
SH2250,2025-01-08,Road,South,FastTrack,254.0,122.0,13.0,12.9,113.29,0.929,40,1,1,Jan
SH2251,2025-11-17,Road,South,BlueFleet,573.0,241.0,19.0,24.8,377.53,1.567,40,1,11,Nov
SH2252,2025-11-09,Road,East,SwiftLine,285.0,104.0,2.0,18.9,138.81,1.335,40,1,11,Nov
SH2253,2025-09-04,Road,West,FastTrack,265.0,3103.0,117.0,12.5,985.48,0.318,40,1,9,Sep
SH2254,2025-11-19,Air,Central,FastTrack,3829.0,302.0,17.0,19.9,5658.75,18.738,30,1,11,Nov
SH2255,2025-09-12,Road,South,FastTrack,277.0,235.0,11.0,15.5,138.04,0.587,40,1,9,Sep
SH2256,2025-11-24,Air,East,CargoPrime,3574.0,270.0,14.0,29.8,4895.19,18.13,30,1,11,Nov
SH2257,2025-02-23,Road,West,CargoPrime,448.0,221.0,6.0,18.1,231.82,1.049,40,1,2,Feb
SH2258,2025-09-06,Sea,West,CargoPrime,6375.0,348.0,10.0,294.1,1595.61,4.585,280,0,9,Sep
SH2259,2025-08-27,Rail,North,SwiftLine,935.0,1084.0,42.0,38.6,1072.7,0.99,70,1,8,Aug
SH2260,2025-08-17,Road,North,SwiftLine,349.0,436.0,18.0,18.5,339.09,0.778,40,1,8,Aug
SH2261,2025-03-08,Rail,South,FastTrack,1360.0,133.0,2.0,48.7,403.05,3.03,70,1,3,Mar
SH2262,2025-02-20,Road,North,SwiftLine,445.0,161.0,12.0,17.6,258.87,1.608,40,1,2,Feb
SH2263,2025-04-07,Road,South,BlueFleet,1078.0,464.0,12.0,35.2,1085.05,2.338,40,1,4,Apr
SH2264,2025-04-02,Sea,Central,FastTrack,6128.0,207.0,10.0,248.2,1096.12,5.295,280,1,4,Apr
SH2265,2025-09-21,Road,South,FastTrack,793.0,346.0,14.0,38.7,635.26,1.836,40,1,9,Sep
SH2266,2025-10-18,Road,North,BlueFleet,435.0,3349.0,139.0,22.7,1774.48,0.53,40,1,10,Oct
SH2267,2025-04-06,Air,Central,FastTrack,3656.0,180.0,3.0,17.2,3777.47,20.986,30,1,4,Apr
SH2268,2025-03-29,Sea,North,SwiftLine,8746.0,127.0,8.0,329.3,1133.34,8.924,280,0,3,Mar
SH2269,2025-03-19,Rail,South,CargoPrime,1599.0,223.0,11.0,64.1,558.35,2.504,70,1,3,Mar
SH2270,2025-10-15,Road,East,BlueFleet,382.0,96.0,5.0,18.3,72.16,0.752,40,1,10,Oct
SH2271,2025-04-30,Rail,West,SwiftLine,371.0,1129.0,42.0,27.8,441.96,0.391,70,1,4,Apr
SH2272,2025-10-29,Road,North,BlueFleet,690.0,160.0,3.0,27.3,355.1,2.219,40,1,10,Oct
SH2273,2025-06-14,Air,South,BlueFleet,2465.0,185.0,6.0,17.9,2589.24,13.996,30,1,6,Jun
SH2274,2025-07-01,Sea,Central,FastTrack,3542.0,139.0,4.0,162.9,496.38,3.571,280,1,7,Jul
SH2275,2025-08-11,Air,North,FastTrack,3877.0,104.0,9.0,26.9,2683.92,25.807,30,1,8,Aug
SH2276,2025-11-07,Sea,North,SwiftLine,9000.0,386.0,16.0,393.0,2495.5,6.465,280,0,11,Nov
SH2277,2025-01-07,Road,West,BlueFleet,394.0,221.0,12.0,17.8,280.95,1.271,40,1,1,Jan
SH2278,2025-11-26,Air,South,FastTrack,3541.0,95.0,1.0,16.7,2370.87,24.957,30,1,11,Nov
SH2279,2025-09-20,Sea,East,FastTrack,3447.0,300.0,5.0,160.7,794.08,2.647,280,1,9,Sep
SH2280,2025-06-10,Road,Central,BlueFleet,351.0,541.0,21.0,23.3,437.71,0.809,40,1,6,Jun
SH2281,2025-05-31,Sea,South,SwiftLine,5882.0,283.0,6.0,237.6,1246.97,4.406,280,1,5,May
SH2282,2025-03-26,Road,Central,SwiftLine,246.0,652.0,26.0,13.3,334.62,0.513,40,1,3,Mar
SH2283,2025-05-27,Rail,North,BlueFleet,800.0,1570.0,59.0,33.6,1174.54,0.748,70,1,5,May
SH2284,2025-04-22,Air,West,SwiftLine,1240.0,774.0,32.0,14.6,3563.05,4.603,30,1,4,Apr
SH2285,2025-02-05,Rail,West,FastTrack,1864.0,479.0,16.0,57.6,1125.44,2.35,70,1,2,Feb
SH2286,2025-10-12,Road,East,BlueFleet,252.0,773.0,33.0,21.3,368.86,0.477,40,1,10,Oct
SH2287,2025-07-07,Rail,West,FastTrack,687.0,2396.0,92.0,37.3,1312.63,0.548,70,1,7,Jul
SH2288,2025-03-23,Road,North,CargoPrime,533.0,127.0,1.0,21.6,136.58,1.075,40,1,3,Mar
SH2289,2025-01-02,Sea,East,CargoPrime,4091.0,669.0,30.0,195.9,1594.78,2.384,280,1,1,Jan
SH2290,2025-10-30,Road,South,SwiftLine,465.0,182.0,4.0,22.8,287.61,1.58,40,1,10,Oct
SH2291,2025-07-16,Road,West,CargoPrime,478.0,489.0,25.0,26.8,479.24,0.98,40,1,7,Jul
SH2292,2025-01-11,Air,East,FastTrack,6515.0,140.0,3.0,25.9,5666.11,40.472,30,1,1,Jan
SH2293,2025-08-22,Road,North,CargoPrime,597.0,739.0,26.0,27.9,871.45,1.179,40,1,8,Aug
SH2294,2025-07-14,Rail,Central,FastTrack,1197.0,505.0,19.0,51.2,796.88,1.578,70,1,7,Jul
SH2295,2025-04-29,Rail,Central,SwiftLine,708.0,1339.0,51.0,36.3,882.62,0.659,70,1,4,Apr
SH2296,2025-01-20,Sea,North,SwiftLine,7847.0,325.0,14.0,307.0,1937.7,5.962,280,0,1,Jan
SH2297,2025-09-18,Rail,North,FastTrack,773.0,317.0,14.0,34.4,369.82,1.167,70,1,9,Sep
SH2298,2025-10-20,Road,Central,CargoPrime,423.0,319.0,15.0,19.9,326.72,1.024,40,1,10,Oct
SH2299,2025-09-13,Road,East,SwiftLine,487.0,2890.0,115.0,17.3,1713.21,0.593,40,1,9,Sep
SH2300,2025-08-10,Road,Central,BlueFleet,343.0,670.0,21.0,27.2,422.91,0.631,40,1,8,Aug
SH2301,2025-08-14,Road,North,SwiftLine,466.0,1183.0,54.0,28.5,860.05,0.727,40,1,8,Aug
SH2302,2025-02-22,Road,West,CargoPrime,462.0,720.0,27.0,20.2,665.81,0.925,40,1,2,Feb
SH2303,2025-12-21,Rail,South,BlueFleet,313.0,817.0,31.0,39.9,345.18,0.422,70,1,12,Dec
SH2304,2025-12-08,Air,West,CargoPrime,4467.0,124.0,5.0,29.0,3578.89,28.862,30,1,12,Dec
SH2305,2025-12-30,Road,West,FastTrack,210.0,258.0,9.0,20.7,147.0,0.57,40,1,12,Dec
SH2306,2025-10-07,Sea,North,BlueFleet,9000.0,245.0,3.0,401.5,1775.76,7.248,280,0,10,Oct
SH2307,2025-03-22,Sea,Central,CargoPrime,4425.0,423.0,19.0,208.3,1307.51,3.091,280,1,3,Mar
SH2308,2025-07-21,Sea,East,BlueFleet,3068.0,371.0,12.0,143.0,798.27,2.152,280,1,7,Jul
SH2309,2025-06-07,Rail,West,CargoPrime,3006.0,111.0,3.0,98.1,672.71,6.06,70,0,6,Jun
SH2310,2025-04-30,Road,Central,BlueFleet,356.0,418.0,24.0,26.6,297.57,0.712,40,1,4,Apr
SH2311,2025-02-28,Road,East,CargoPrime,490.0,81.0,7.0,40.8,170.22,2.101,40,0,2,Feb
SH2312,2025-08-03,Road,West,FastTrack,482.0,751.0,36.0,17.5,702.25,0.935,40,1,8,Aug
SH2313,2025-05-08,Road,East,BlueFleet,490.0,438.0,15.0,18.1,506.28,1.156,40,1,5,May
SH2314,2025-08-12,Sea,Central,BlueFleet,3676.0,1093.0,47.0,169.0,2102.61,1.924,280,1,8,Aug
SH2315,2025-07-28,Air,South,BlueFleet,2029.0,478.0,21.0,36.2,4156.77,8.696,30,0,7,Jul
SH2316,2025-04-25,Road,Central,BlueFleet,460.0,279.0,11.0,17.8,279.97,1.003,40,1,4,Apr
SH2317,2025-07-28,Road,North,FastTrack,481.0,114.0,2.0,18.2,136.37,1.196,40,1,7,Jul
SH2318,2025-01-14,Air,East,BlueFleet,481.0,294.0,16.0,12.9,711.18,2.419,30,1,1,Jan
SH2319,2025-01-09,Road,South,SwiftLine,308.0,215.0,7.0,14.9,223.53,1.04,40,1,1,Jan
SH2320,2025-02-09,Road,East,FastTrack,617.0,543.0,22.0,20.5,677.08,1.247,40,1,2,Feb
SH2321,2025-08-25,Sea,East,SwiftLine,2272.0,288.0,15.0,117.2,505.7,1.756,280,1,8,Aug
SH2322,2025-10-08,Road,West,BlueFleet,709.0,655.0,22.0,29.4,901.83,1.377,40,1,10,Oct
SH2323,2025-12-25,Road,North,CargoPrime,583.0,1192.0,43.0,28.2,1053.11,0.883,40,1,12,Dec
SH2324,2025-07-20,Road,East,SwiftLine,438.0,130.0,15.0,23.3,189.1,1.455,40,1,7,Jul
SH2325,2025-09-03,Sea,Central,BlueFleet,3329.0,403.0,13.0,157.2,915.01,2.27,280,1,9,Sep
SH2326,2025-10-05,Rail,Central,SwiftLine,419.0,388.0,22.0,33.0,250.03,0.644,70,1,10,Oct
SH2327,2025-08-23,Road,West,BlueFleet,772.0,519.0,21.0,25.8,832.49,1.604,40,1,8,Aug
SH2328,2025-01-04,Road,North,BlueFleet,257.0,699.0,26.0,19.6,334.7,0.479,40,1,1,Jan
SH2329,2025-06-03,Road,North,BlueFleet,255.0,1437.0,56.0,16.1,555.47,0.387,40,1,6,Jun
SH2330,2025-01-29,Rail,Central,CargoPrime,1007.0,166.0,6.0,45.7,286.16,1.724,70,1,1,Jan
SH2331,2025-04-19,Air,South,SwiftLine,2807.0,115.0,10.0,17.8,2056.89,17.886,30,1,4,Apr
SH2332,2025-04-08,Road,West,FastTrack,182.0,469.0,22.0,17.9,221.24,0.472,40,1,4,Apr
SH2333,2025-08-03,Sea,West,FastTrack,6971.0,578.0,22.0,279.0,2500.22,4.326,280,1,8,Aug
SH2334,2025-10-20,Road,Central,FastTrack,45.0,718.0,21.0,11.4,50.0,0.07,40,1,10,Oct
SH2335,2025-03-16,Road,Central,FastTrack,534.0,219.0,9.0,19.5,318.41,1.454,40,1,3,Mar
SH2336,2025-11-22,Road,South,BlueFleet,533.0,114.0,5.0,25.6,154.61,1.356,40,1,11,Nov
SH2337,2025-05-26,Road,South,SwiftLine,347.0,1070.0,48.0,17.1,601.91,0.563,40,1,5,May
SH2338,2025-05-08,Road,North,SwiftLine,861.0,608.0,18.0,29.4,1115.47,1.835,40,1,5,May
SH2339,2025-12-07,Road,West,CargoPrime,168.0,298.0,10.0,15.1,136.51,0.458,40,1,12,Dec
SH2340,2025-02-11,Road,West,SwiftLine,386.0,72.0,1.0,24.0,70.29,0.976,40,1,2,Feb
SH2341,2025-12-22,Rail,Central,SwiftLine,573.0,236.0,9.0,42.8,134.57,0.57,70,1,12,Dec
SH2342,2025-02-10,Road,North,SwiftLine,260.0,704.0,29.0,12.8,387.65,0.551,40,1,2,Feb
SH2343,2025-02-03,Air,West,CargoPrime,922.0,571.0,25.0,20.2,2088.67,3.658,30,1,2,Feb
SH2344,2025-01-17,Sea,North,FastTrack,5650.0,134.0,1.0,227.7,714.05,5.329,280,1,1,Jan
SH2345,2025-06-14,Road,North,SwiftLine,541.0,662.0,27.0,21.4,676.14,1.021,40,1,6,Jun
SH2346,2025-06-02,Road,Central,CargoPrime,180.0,376.0,16.0,15.1,118.61,0.315,40,1,6,Jun
SH2347,2025-03-17,Road,North,CargoPrime,184.0,1112.0,45.0,20.0,335.71,0.302,40,1,3,Mar
SH2348,2025-03-28,Road,South,BlueFleet,797.0,231.0,9.0,23.8,466.36,2.019,40,1,3,Mar
SH2349,2025-04-27,Road,South,CargoPrime,712.0,246.0,1.0,23.9,480.41,1.953,40,1,4,Apr
SH2350,2025-12-28,Air,East,FastTrack,2562.0,442.0,20.0,20.2,4951.07,11.202,30,1,12,Dec
SH2351,2025-12-08,Rail,Central,SwiftLine,1462.0,289.0,8.0,58.4,697.75,2.414,70,1,12,Dec
SH2352,2025-01-27,Road,East,CargoPrime,672.0,201.0,10.0,22.1,431.69,2.148,40,1,1,Jan
SH2353,2025-11-09,Sea,South,FastTrack,3121.0,1760.0,75.0,190.4,2427.1,1.379,280,1,11,Nov
SH2354,2025-10-14,Road,East,CargoPrime,393.0,1257.0,44.0,23.0,775.29,0.617,40,1,10,Oct
SH2355,2025-05-14,Sea,Central,CargoPrime,2233.0,187.0,10.0,125.7,453.36,2.424,280,1,5,May
SH2356,2025-08-07,Rail,Central,CargoPrime,467.0,481.0,14.0,30.7,245.9,0.511,70,1,8,Aug
SH2357,2025-06-17,Rail,North,CargoPrime,936.0,118.0,5.0,50.3,250.94,2.127,70,1,6,Jun
SH2358,2025-04-08,Road,West,CargoPrime,325.0,1573.0,62.0,20.0,784.69,0.499,40,1,4,Apr
SH2359,2025-09-25,Road,North,FastTrack,610.0,741.0,33.0,22.8,811.33,1.095,40,1,9,Sep
SH2360,2025-08-25,Sea,Central,SwiftLine,9000.0,900.0,38.0,342.4,4413.55,4.904,280,0,8,Aug
SH2361,2025-11-05,Road,South,SwiftLine,340.0,330.0,14.0,20.2,341.25,1.034,40,1,11,Nov
SH2362,2025-06-22,Sea,South,SwiftLine,6148.0,1033.0,35.0,243.5,3417.41,3.308,280,1,6,Jun
SH2363,2025-07-09,Road,North,SwiftLine,263.0,1035.0,31.0,21.5,477.68,0.462,40,1,7,Jul
SH2364,2025-05-02,Road,Central,FastTrack,326.0,354.0,18.0,21.3,213.9,0.604,40,1,5,May
SH2365,2025-02-15,Road,South,BlueFleet,548.0,161.0,9.0,18.0,311.11,1.932,40,1,2,Feb
SH2366,2025-03-05,Road,Central,BlueFleet,581.0,571.0,19.0,21.5,615.23,1.077,40,1,3,Mar
SH2367,2025-05-10,Sea,South,FastTrack,1674.0,365.0,16.0,96.1,468.23,1.283,280,1,5,May
SH2368,2025-11-06,Road,Central,FastTrack,649.0,1776.0,70.0,33.5,1593.5,0.897,40,1,11,Nov
SH2369,2025-12-29,Road,East,CargoPrime,323.0,420.0,21.0,19.7,301.1,0.717,40,1,12,Dec
SH2370,2025-07-12,Road,Central,CargoPrime,432.0,439.0,18.0,17.7,450.36,1.026,40,1,7,Jul
SH2371,2025-11-03,Road,Central,CargoPrime,585.0,769.0,34.0,24.7,718.95,0.935,40,1,11,Nov
SH2372,2025-06-30,Road,North,SwiftLine,247.0,404.0,14.0,16.6,202.72,0.502,40,1,6,Jun
SH2373,2025-10-19,Road,East,CargoPrime,819.0,703.0,29.0,33.9,1099.97,1.565,40,1,10,Oct
SH2374,2025-10-09,Sea,West,BlueFleet,5334.0,262.0,9.0,283.8,1096.89,4.187,280,0,10,Oct
SH2375,2025-01-29,Road,North,SwiftLine,260.0,165.0,4.0,15.1,99.05,0.6,40,1,1,Jan
SH2376,2025-05-29,Road,West,CargoPrime,390.0,404.0,1.0,20.5,206.17,0.51,40,1,5,May
SH2377,2025-09-24,Road,South,SwiftLine,715.0,308.0,16.0,32.2,577.41,1.875,40,1,9,Sep
SH2378,2025-10-23,Road,West,BlueFleet,457.0,444.0,25.0,21.9,497.23,1.12,40,1,10,Oct
SH2379,2025-01-11,Sea,Central,CargoPrime,3007.0,601.0,18.0,159.7,1147.8,1.91,280,1,1,Jan
SH2380,2025-06-13,Road,West,BlueFleet,239.0,581.0,26.0,16.8,341.47,0.588,40,1,6,Jun
SH2381,2025-04-23,Road,North,BlueFleet,410.0,407.0,19.0,31.3,352.12,0.865,40,1,4,Apr
SH2382,2025-07-06,Rail,North,BlueFleet,718.0,171.0,5.0,46.5,241.71,1.414,70,1,7,Jul
SH2383,2025-10-22,Road,West,CargoPrime,270.0,706.0,25.0,19.8,320.93,0.455,40,1,10,Oct
SH2384,2025-08-20,Road,North,FastTrack,517.0,121.0,10.0,20.0,318.73,2.634,40,1,8,Aug
SH2385,2025-08-15,Sea,North,CargoPrime,6747.0,159.0,11.0,294.9,994.39,6.254,280,0,8,Aug
SH2386,2025-11-06,Air,West,BlueFleet,3290.0,418.0,19.0,21.8,6139.47,14.688,30,1,11,Nov
SH2387,2025-04-08,Sea,East,CargoPrime,6546.0,763.0,28.0,292.4,2809.94,3.683,280,0,4,Apr
SH2388,2025-02-24,Road,East,BlueFleet,423.0,666.0,31.0,15.7,575.22,0.864,40,1,2,Feb
SH2389,2025-04-21,Road,South,FastTrack,555.0,372.0,12.0,22.0,479.31,1.288,40,1,4,Apr
SH2390,2025-06-01,Road,North,SwiftLine,626.0,576.0,29.0,19.5,745.79,1.295,40,1,6,Jun
SH2391,2025-09-03,Road,West,FastTrack,755.0,172.0,13.0,20.9,376.91,2.191,40,1,9,Sep
SH2392,2025-03-10,Sea,North,FastTrack,6638.0,257.0,15.0,262.0,1358.87,5.287,280,1,3,Mar
SH2393,2025-11-08,Road,Central,SwiftLine,375.0,261.0,12.0,36.0,237.99,0.912,40,1,11,Nov
SH2394,2025-10-16,Sea,North,CargoPrime,5713.0,185.0,1.0,317.0,928.81,5.021,280,0,10,Oct
SH2395,2025-09-07,Air,North,SwiftLine,2695.0,303.0,11.0,18.3,4052.65,13.375,30,1,9,Sep
SH2396,2025-02-05,Road,East,CargoPrime,520.0,341.0,21.0,22.8,403.84,1.184,40,1,2,Feb
SH2397,2025-08-27,Road,West,CargoPrime,245.0,279.0,15.0,13.9,261.7,0.938,40,1,8,Aug
SH2398,2025-05-28,Rail,North,BlueFleet,560.0,439.5,15.0,31.2,271.08,0.617,70,1,5,May
SH2399,2025-08-15,Road,East,BlueFleet,870.0,41.0,1.0,27.4,214.95,5.243,40,1,8,Aug
SH2400,2025-09-01,Sea,South,SwiftLine,3567.0,549.0,26.0,160.8,1292.34,2.354,280,1,9,Sep
SH2401,2025-12-03,Road,East,FastTrack,285.0,292.0,5.0,15.4,143.25,0.491,40,1,12,Dec
SH2402,2025-12-31,Road,East,SwiftLine,329.0,291.0,11.0,16.8,182.91,0.629,40,1,12,Dec
SH2403,2025-07-20,Rail,East,CargoPrime,527.0,133.0,12.0,39.9,106.97,0.804,70,1,7,Jul
SH2404,2025-06-03,Sea,North,BlueFleet,6322.0,1395.0,53.0,252.5,4182.22,2.998,280,1,6,Jun
SH2405,2025-03-14,Road,North,SwiftLine,246.0,1449.0,60.0,15.2,528.59,0.365,40,1,3,Mar
SH2406,2025-07-20,Air,South,SwiftLine,1783.0,106.0,1.0,18.5,1267.89,11.961,30,1,7,Jul
SH2407,2025-10-23,Road,Central,BlueFleet,377.0,334.0,11.0,34.6,325.01,0.973,40,1,10,Oct
SH2408,2025-01-17,Air,Central,BlueFleet,2486.0,847.0,35.0,30.3,7572.94,8.941,30,0,1,Jan
SH2409,2025-05-09,Air,Central,BlueFleet,2492.0,405.0,14.0,16.5,3693.29,9.119,30,1,5,May
SH2410,2025-08-05,Road,South,CargoPrime,337.0,248.0,18.0,14.7,257.99,1.04,40,1,8,Aug
SH2411,2025-03-02,Road,Central,BlueFleet,364.0,236.0,7.0,16.5,262.03,1.11,40,1,3,Mar
SH2412,2025-04-14,Air,Central,FastTrack,2449.0,518.0,23.0,24.1,5358.94,10.345,30,1,4,Apr
SH2413,2025-02-11,Road,East,SwiftLine,154.0,3269.0,133.0,17.4,610.6,0.187,40,1,2,Feb
SH2414,2025-01-25,Air,North,BlueFleet,2880.0,782.0,29.0,14.4,8191.9,10.476,30,1,1,Jan
SH2415,2025-02-08,Road,North,BlueFleet,549.0,166.0,10.0,19.6,284.05,1.711,40,1,2,Feb
SH2416,2025-10-18,Sea,East,CargoPrime,6085.0,244.0,12.0,341.7,1296.21,5.312,280,0,10,Oct
SH2417,2025-05-11,Air,East,CargoPrime,4195.0,326.0,12.0,19.4,6584.61,20.198,30,1,5,May
SH2418,2025-08-17,Sea,East,SwiftLine,6489.0,203.0,9.0,259.1,1180.37,5.815,280,1,8,Aug
SH2419,2025-04-18,Road,North,FastTrack,635.0,175.0,3.0,24.6,324.2,1.853,40,1,4,Apr
SH2420,2025-06-21,Rail,Central,SwiftLine,1093.0,735.0,26.0,46.1,956.85,1.302,70,1,6,Jun
SH2421,2025-04-12,Rail,East,BlueFleet,717.0,270.0,11.0,37.9,351.82,1.303,70,1,4,Apr
SH2422,2025-12-20,Road,South,FastTrack,1008.0,543.0,25.0,35.7,1110.25,2.045,40,1,12,Dec
SH2423,2025-01-12,Road,East,FastTrack,415.0,1679.0,66.0,18.9,999.46,0.595,40,1,1,Jan
SH2424,2025-10-02,Road,West,FastTrack,552.0,265.0,8.0,34.1,390.59,1.474,40,1,10,Oct
SH2425,2025-04-11,Air,East,FastTrack,2494.0,503.0,19.0,12.8,5308.94,10.555,30,1,4,Apr
SH2426,2025-02-13,Road,North,SwiftLine,1426.0,178.0,10.0,33.8,617.92,3.471,40,1,2,Feb
SH2427,2025-11-01,Road,East,CargoPrime,560.0,563.0,17.0,28.9,632.45,1.123,40,1,11,Nov
SH2428,2025-01-17,Rail,West,CargoPrime,488.0,1141.0,49.0,34.8,480.9,0.421,70,1,1,Jan
SH2429,2025-11-26,Road,South,BlueFleet,317.0,1095.0,46.0,30.7,572.46,0.523,40,1,11,Nov
SH2430,2025-02-26,Road,Central,CargoPrime,424.0,417.0,11.0,19.3,460.47,1.104,40,1,2,Feb
SH2431,2025-11-07,Sea,East,CargoPrime,8795.0,266.0,10.0,454.0,1825.88,6.864,280,0,11,Nov
SH2432,2025-10-30,Sea,West,CargoPrime,3374.0,488.0,22.0,234.4,1074.37,2.202,280,1,10,Oct
SH2433,2025-01-12,Road,West,CargoPrime,1402.0,420.0,9.0,42.2,1332.12,3.172,40,0,1,Jan
SH2434,2025-11-14,Road,South,BlueFleet,653.0,583.0,19.0,23.1,804.79,1.38,40,1,11,Nov
SH2435,2025-03-21,Air,North,SwiftLine,2149.0,243.0,4.0,13.8,2767.17,11.388,30,1,3,Mar
SH2436,2025-08-04,Road,East,FastTrack,1110.0,293.0,9.0,27.5,804.89,2.747,40,1,8,Aug
SH2437,2025-12-05,Road,West,CargoPrime,617.0,339.0,18.0,36.5,517.39,1.526,40,1,12,Dec
SH2438,2025-09-21,Road,South,SwiftLine,468.0,688.0,31.0,22.2,636.75,0.926,40,1,9,Sep
SH2439,2025-05-29,Road,Central,CargoPrime,873.0,765.0,29.0,26.5,1208.87,1.58,40,1,5,May
SH2440,2025-03-22,Rail,West,CargoPrime,2611.0,286.0,16.0,83.2,1065.45,3.725,70,0,3,Mar
SH2441,2025-08-03,Road,South,FastTrack,357.0,161.0,9.0,14.6,134.04,0.833,40,1,8,Aug
SH2442,2025-07-17,Rail,North,FastTrack,437.0,539.0,27.0,24.9,353.7,0.656,70,1,7,Jul
SH2443,2025-07-19,Sea,North,FastTrack,3517.0,725.0,29.0,158.6,1581.75,2.182,280,1,7,Jul
SH2444,2025-01-25,Road,West,CargoPrime,826.0,362.0,17.0,32.0,689.59,1.905,40,1,1,Jan
SH2445,2025-03-30,Air,West,CargoPrime,6359.0,228.0,23.0,25.9,7778.79,34.118,30,1,3,Mar
SH2446,2025-09-25,Sea,East,CargoPrime,7012.0,275.0,10.0,314.0,1498.5,5.449,280,0,9,Sep
SH2447,2025-05-23,Road,South,FastTrack,247.0,1497.0,60.0,19.2,573.92,0.383,40,1,5,May
SH2448,2025-02-28,Road,West,BlueFleet,242.0,482.0,19.0,14.2,223.6,0.464,40,1,2,Feb
SH2449,2025-12-31,Rail,East,SwiftLine,637.0,908.0,36.0,41.8,662.48,0.73,70,1,12,Dec
SH2450,2025-01-26,Rail,East,BlueFleet,1469.0,212.0,11.0,47.8,492.51,2.323,70,1,1,Jan
SH2451,2025-02-16,Air,West,CargoPrime,1931.0,405.0,43.0,23.0,6849.23,16.912,30,1,2,Feb
SH2452,2025-10-15,Road,North,CargoPrime,569.0,825.0,28.0,27.1,851.89,1.033,40,1,10,Oct
SH2453,2025-09-23,Sea,South,BlueFleet,4586.0,372.0,15.0,197.7,1253.15,3.369,280,1,9,Sep
SH2454,2025-01-16,Road,South,CargoPrime,584.0,657.0,24.0,22.2,750.44,1.142,40,1,1,Jan
SH2455,2025-07-18,Road,North,SwiftLine,1065.0,1136.0,39.0,32.6,1971.52,1.735,40,1,7,Jul
SH2456,2025-10-09,Rail,West,CargoPrime,2282.0,166.0,11.0,100.5,642.14,3.868,70,0,10,Oct
SH2457,2025-03-27,Road,South,SwiftLine,784.0,265.0,8.0,22.8,461.44,1.741,40,1,3,Mar
SH2458,2025-09-07,Road,West,BlueFleet,445.0,614.0,26.0,21.0,522.35,0.851,40,1,9,Sep
SH2459,2025-09-27,Road,West,BlueFleet,356.0,410.0,4.0,15.1,319.87,0.78,40,1,9,Sep
SH2460,2025-12-01,Road,East,CargoPrime,1245.0,561.0,24.0,47.6,1442.01,2.57,40,0,12,Dec
SH2461,2025-04-27,Road,North,SwiftLine,994.0,700.0,27.0,32.1,1276.91,1.824,40,1,4,Apr
SH2462,2025-01-07,Sea,West,CargoPrime,3855.0,601.0,18.0,189.5,1462.06,2.433,280,1,1,Jan
SH2463,2025-05-17,Road,Central,FastTrack,555.0,330.0,11.0,24.7,412.8,1.251,40,1,5,May
SH2464,2025-06-25,Air,North,FastTrack,4285.0,348.0,11.0,16.5,6976.05,20.046,30,1,6,Jun
SH2465,2025-11-24,Air,South,FastTrack,1483.0,1400.0,59.0,16.5,6465.9,4.618,30,1,11,Nov
SH2466,2025-11-11,Sea,East,FastTrack,3866.0,432.0,18.0,211.2,1043.3,2.415,280,1,11,Nov
SH2467,2025-08-03,Road,South,CargoPrime,119.0,1193.0,42.0,13.0,181.07,0.152,40,1,8,Aug
SH2468,2025-03-23,Sea,South,FastTrack,4694.0,1261.0,52.0,194.5,2937.85,2.33,280,1,3,Mar
SH2469,2025-08-11,Road,North,SwiftLine,1111.0,216.0,1.0,31.3,649.38,3.006,40,1,8,Aug
SH2470,2025-04-13,Rail,South,BlueFleet,1989.0,727.0,25.0,60.7,1593.92,2.192,70,1,4,Apr
SH2471,2025-09-30,Rail,West,BlueFleet,1126.0,170.0,7.0,46.1,320.46,1.885,70,1,9,Sep
SH2472,2025-01-14,Air,South,FastTrack,2807.0,1471.0,56.0,14.6,12610.25,8.573,30,1,1,Jan
SH2473,2025-06-08,Road,East,FastTrack,309.0,469.0,24.0,15.1,264.36,0.564,40,1,6,Jun
SH2474,2025-06-01,Air,East,FastTrack,1261.0,451.0,19.0,25.5,2511.93,5.57,30,1,6,Jun
SH2475,2025-04-18,Road,Central,CargoPrime,562.0,202.0,11.0,19.7,284.89,1.41,40,1,4,Apr
SH2476,2025-07-07,Air,East,BlueFleet,2644.0,248.0,13.0,15.5,3330.8,13.431,30,1,7,Jul
SH2477,2025-10-28,Sea,South,FastTrack,3930.0,483.0,18.0,213.8,1288.42,2.668,280,1,10,Oct
SH2478,2025-04-08,Road,East,SwiftLine,274.0,434.0,13.0,22.4,271.12,0.625,40,1,4,Apr
SH2479,2025-05-11,Sea,North,FastTrack,2608.0,296.0,12.0,134.0,532.83,1.8,280,1,5,May
SH2480,2025-10-20,Road,East,BlueFleet,449.0,815.0,36.0,19.3,643.34,0.789,40,1,10,Oct
SH2481,2025-06-20,Road,West,FastTrack,650.0,403.0,15.0,25.6,657.07,1.63,40,1,6,Jun
SH2482,2025-07-02,Road,North,BlueFleet,522.0,180.0,10.0,19.9,294.97,1.639,40,1,7,Jul
SH2483,2025-12-30,Road,Central,FastTrack,449.0,718.0,29.0,23.7,653.22,0.91,40,1,12,Dec
SH2484,2025-02-08,Rail,West,SwiftLine,695.0,160.0,1.0,34.7,155.74,0.973,70,1,2,Feb
SH2485,2025-01-15,Road,South,FastTrack,378.0,87.0,1.0,16.8,165.95,1.907,40,1,1,Jan
SH2486,2025-01-04,Road,South,SwiftLine,206.0,436.0,24.0,11.5,139.97,0.321,40,1,1,Jan
SH2487,2025-12-15,Sea,South,SwiftLine,4978.0,177.0,2.0,249.5,731.99,4.136,280,1,12,Dec
SH2488,2025-07-29,Sea,West,FastTrack,5756.0,465.0,16.0,229.8,1824.23,3.923,280,1,7,Jul
SH2489,2025-06-10,Air,West,SwiftLine,2060.0,775.0,35.0,17.1,5838.03,7.533,30,1,6,Jun
SH2490,2025-01-16,Sea,West,CargoPrime,6087.0,887.0,31.0,270.1,3036.93,3.424,280,1,1,Jan
SH2491,2025-04-18,Air,North,FastTrack,4693.0,601.0,21.0,22.5,11182.84,18.607,30,1,4,Apr
SH2492,2025-11-07,Road,North,FastTrack,199.0,140.0,5.0,17.9,50.0,0.357,40,1,11,Nov
SH2493,2025-08-15,Road,South,SwiftLine,447.0,227.0,8.0,17.5,316.73,1.395,40,1,8,Aug
SH2494,2025-06-19,Air,East,SwiftLine,7233.0,405.0,12.0,32.7,13108.28,32.366,30,0,6,Jun
SH2495,2025-02-03,Road,South,FastTrack,293.0,408.0,16.0,15.6,299.19,0.733,40,1,2,Feb
SH2496,2025-09-08,Rail,Central,CargoPrime,624.0,190.0,10.0,36.1,159.28,0.838,70,1,9,Sep
SH2497,2025-09-04,Road,North,SwiftLine,792.0,279.0,11.0,26.0,542.86,1.946,40,1,9,Sep
SH2498,2025-09-26,Road,West,SwiftLine,506.0,771.0,28.0,16.5,750.56,0.973,40,1,9,Sep
SH2499,2025-05-21,Road,North,BlueFleet,406.0,604.0,28.0,15.0,453.76,0.751,40,1,5,May
